solid horngrill_cycle
  facet normal 0.000000 0.000000 1.000000
    outer loop
      vertex 0.000000 0.000000 30.000000
      vertex 56.000000 0.000000 30.000000
      vertex 55.988006 2.308777 30.000000
    endloop
  endfacet
  facet normal 0.000000 0.000000 1.000000
    outer loop
      vertex 0.000000 0.000000 30.000000
      vertex 55.988006 2.308777 30.000000
      vertex 55.952021 3.559858 30.000000
    endloop
  endfacet
  facet normal 0.000000 0.000000 1.000000
    outer loop
      vertex 0.000000 0.000000 30.000000
      vertex 55.952021 3.559858 30.000000
      vertex 55.892044 4.584950 30.000000
    endloop
  endfacet
  facet normal 0.000000 0.000000 1.000000
    outer loop
      vertex 0.000000 0.000000 30.000000
      vertex 55.892044 4.584950 30.000000
      vertex 55.808069 5.485347 30.000000
    endloop
  endfacet
  facet normal 0.000000 0.000000 1.000000
    outer loop
      vertex 0.000000 0.000000 30.000000
      vertex 55.808069 5.485347 30.000000
      vertex 55.700088 6.302220 30.000000
    endloop
  endfacet
  facet normal 0.000000 0.000000 1.000000
    outer loop
      vertex 0.000000 0.000000 30.000000
      vertex 55.700088 6.302220 30.000000
      vertex 55.568092 7.057328 30.000000
    endloop
  endfacet
  facet normal 0.000000 0.000000 1.000000
    outer loop
      vertex 0.000000 0.000000 30.000000
      vertex 55.568092 7.057328 30.000000
      vertex 55.412067 7.763868 30.000000
    endloop
  endfacet
  facet normal 0.000000 0.000000 1.000000
    outer loop
      vertex 0.000000 0.000000 30.000000
      vertex 55.412067 7.763868 30.000000
      vertex 55.232000 8.430568 30.000000
    endloop
  endfacet
  facet normal 0.000000 0.000000 1.000000
    outer loop
      vertex 0.000000 0.000000 30.000000
      vertex 55.232000 8.430568 30.000000
      vertex 55.027873 9.063549 30.000000
    endloop
  endfacet
  facet normal 0.000000 0.000000 1.000000
    outer loop
      vertex 0.000000 0.000000 30.000000
      vertex 55.027873 9.063549 30.000000
      vertex 54.799663 9.667299 30.000000
    endloop
  endfacet
  facet normal 0.000000 0.000000 1.000000
    outer loop
      vertex 0.000000 0.000000 30.000000
      vertex 54.799663 9.667299 30.000000
      vertex 54.547347 10.245217 30.000000
    endloop
  endfacet
  facet normal 0.000000 0.000000 1.000000
    outer loop
      vertex 0.000000 0.000000 30.000000
      vertex 54.547347 10.245217 30.000000
      vertex 54.270895 10.799944 30.000000
    endloop
  endfacet
  facet normal 0.000000 0.000000 1.000000
    outer loop
      vertex 0.000000 0.000000 30.000000
      vertex 54.270895 10.799944 30.000000
      vertex 53.970274 11.333578 30.000000
    endloop
  endfacet
  facet normal 0.000000 0.000000 1.000000
    outer loop
      vertex 0.000000 0.000000 30.000000
      vertex 53.970274 11.333578 30.000000
      vertex 53.645446 11.847814 30.000000
    endloop
  endfacet
  facet normal 0.000000 0.000000 1.000000
    outer loop
      vertex 0.000000 0.000000 30.000000
      vertex 53.645446 11.847814 30.000000
      vertex 53.296369 12.344040 30.000000
    endloop
  endfacet
  facet normal 0.000000 0.000000 1.000000
    outer loop
      vertex 0.000000 0.000000 30.000000
      vertex 53.296369 12.344040 30.000000
      vertex 52.922991 12.823404 30.000000
    endloop
  endfacet
  facet normal 0.000000 0.000000 1.000000
    outer loop
      vertex 0.000000 0.000000 30.000000
      vertex 52.922991 12.823404 30.000000
      vertex 52.525257 13.286872 30.000000
    endloop
  endfacet
  facet normal 0.000000 0.000000 1.000000
    outer loop
      vertex 0.000000 0.000000 30.000000
      vertex 52.525257 13.286872 30.000000
      vertex 52.103102 13.735256 30.000000
    endloop
  endfacet
  facet normal 0.000000 0.000000 1.000000
    outer loop
      vertex 0.000000 0.000000 30.000000
      vertex 52.103102 13.735256 30.000000
      vertex 51.656454 14.169249 30.000000
    endloop
  endfacet
  facet normal 0.000000 0.000000 1.000000
    outer loop
      vertex 0.000000 0.000000 30.000000
      vertex 51.656454 14.169249 30.000000
      vertex 51.185231 14.589445 30.000000
    endloop
  endfacet
  facet normal 0.000000 0.000000 1.000000
    outer loop
      vertex 0.000000 0.000000 30.000000
      vertex 51.185231 14.589445 30.000000
      vertex 50.689341 14.996355 30.000000
    endloop
  endfacet
  facet normal 0.000000 0.000000 1.000000
    outer loop
      vertex 0.000000 0.000000 30.000000
      vertex 50.689341 14.996355 30.000000
      vertex 50.168678 15.390421 30.000000
    endloop
  endfacet
  facet normal 0.000000 0.000000 1.000000
    outer loop
      vertex 0.000000 0.000000 30.000000
      vertex 50.168678 15.390421 30.000000
      vertex 49.623124 15.772028 30.000000
    endloop
  endfacet
  facet normal 0.000000 0.000000 1.000000
    outer loop
      vertex 0.000000 0.000000 30.000000
      vertex 49.623124 15.772028 30.000000
      vertex 49.052546 16.141511 30.000000
    endloop
  endfacet
  facet normal 0.000000 0.000000 1.000000
    outer loop
      vertex 0.000000 0.000000 30.000000
      vertex 49.052546 16.141511 30.000000
      vertex 48.456795 16.499165 30.000000
    endloop
  endfacet
  facet normal 0.000000 0.000000 1.000000
    outer loop
      vertex 0.000000 0.000000 30.000000
      vertex 48.456795 16.499165 30.000000
      vertex 47.835702 16.845247 30.000000
    endloop
  endfacet
  facet normal 0.000000 0.000000 1.000000
    outer loop
      vertex 0.000000 0.000000 30.000000
      vertex 47.835702 16.845247 30.000000
      vertex 47.189076 17.179985 30.000000
    endloop
  endfacet
  facet normal 0.000000 0.000000 1.000000
    outer loop
      vertex 0.000000 0.000000 30.000000
      vertex 47.189076 17.179985 30.000000
      vertex 46.516704 17.503578 30.000000
    endloop
  endfacet
  facet normal 0.000000 0.000000 1.000000
    outer loop
      vertex 0.000000 0.000000 30.000000
      vertex 46.516704 17.503578 30.000000
      vertex 45.818346 17.816203 30.000000
    endloop
  endfacet
  facet normal 0.000000 0.000000 1.000000
    outer loop
      vertex 0.000000 0.000000 30.000000
      vertex 45.818346 17.816203 30.000000
      vertex 45.093729 18.118016 30.000000
    endloop
  endfacet
  facet normal 0.000000 0.000000 1.000000
    outer loop
      vertex 0.000000 0.000000 30.000000
      vertex 45.093729 18.118016 30.000000
      vertex 44.342549 18.409157 30.000000
    endloop
  endfacet
  facet normal 0.000000 0.000000 1.000000
    outer loop
      vertex 0.000000 0.000000 30.000000
      vertex 44.342549 18.409157 30.000000
      vertex 43.564460 18.689747 30.000000
    endloop
  endfacet
  facet normal 0.000000 0.000000 1.000000
    outer loop
      vertex 0.000000 0.000000 30.000000
      vertex 43.564460 18.689747 30.000000
      vertex 42.759074 18.959897 30.000000
    endloop
  endfacet
  facet normal 0.000000 0.000000 1.000000
    outer loop
      vertex 0.000000 0.000000 30.000000
      vertex 42.759074 18.959897 30.000000
      vertex 41.925949 19.219702 30.000000
    endloop
  endfacet
  facet normal 0.000000 0.000000 1.000000
    outer loop
      vertex 0.000000 0.000000 30.000000
      vertex 41.925949 19.219702 30.000000
      vertex 41.064589 19.469248 30.000000
    endloop
  endfacet
  facet normal 0.000000 0.000000 1.000000
    outer loop
      vertex 0.000000 0.000000 30.000000
      vertex 41.064589 19.469248 30.000000
      vertex 40.174428 19.708612 30.000000
    endloop
  endfacet
  facet normal 0.000000 0.000000 1.000000
    outer loop
      vertex 0.000000 0.000000 30.000000
      vertex 40.174428 19.708612 30.000000
      vertex 39.254825 19.937862 30.000000
    endloop
  endfacet
  facet normal 0.000000 0.000000 1.000000
    outer loop
      vertex 0.000000 0.000000 30.000000
      vertex 39.254825 19.937862 30.000000
      vertex 38.305047 20.157058 30.000000
    endloop
  endfacet
  facet normal 0.000000 0.000000 1.000000
    outer loop
      vertex 0.000000 0.000000 30.000000
      vertex 38.305047 20.157058 30.000000
      vertex 37.324261 20.366253 30.000000
    endloop
  endfacet
  facet normal 0.000000 0.000000 1.000000
    outer loop
      vertex 0.000000 0.000000 30.000000
      vertex 37.324261 20.366253 30.000000
      vertex 36.311508 20.565495 30.000000
    endloop
  endfacet
  facet normal 0.000000 0.000000 1.000000
    outer loop
      vertex 0.000000 0.000000 30.000000
      vertex 36.311508 20.565495 30.000000
      vertex 35.265686 20.754825 30.000000
    endloop
  endfacet
  facet normal 0.000000 0.000000 1.000000
    outer loop
      vertex 0.000000 0.000000 30.000000
      vertex 35.265686 20.754825 30.000000
      vertex 34.185525 20.934282 30.000000
    endloop
  endfacet
  facet normal 0.000000 0.000000 1.000000
    outer loop
      vertex 0.000000 0.000000 30.000000
      vertex 34.185525 20.934282 30.000000
      vertex 33.069547 21.103898 30.000000
    endloop
  endfacet
  facet normal 0.000000 0.000000 1.000000
    outer loop
      vertex 0.000000 0.000000 30.000000
      vertex 33.069547 21.103898 30.000000
      vertex 31.916028 21.263702 30.000000
    endloop
  endfacet
  facet normal 0.000000 0.000000 1.000000
    outer loop
      vertex 0.000000 0.000000 30.000000
      vertex 31.916028 21.263702 30.000000
      vertex 30.722943 21.413719 30.000000
    endloop
  endfacet
  facet normal 0.000000 0.000000 1.000000
    outer loop
      vertex 0.000000 0.000000 30.000000
      vertex 30.722943 21.413719 30.000000
      vertex 29.487894 21.553974 30.000000
    endloop
  endfacet
  facet normal 0.000000 0.000000 1.000000
    outer loop
      vertex 0.000000 0.000000 30.000000
      vertex 29.487894 21.553974 30.000000
      vertex 28.208017 21.684485 30.000000
    endloop
  endfacet
  facet normal 0.000000 0.000000 1.000000
    outer loop
      vertex 0.000000 0.000000 30.000000
      vertex 28.208017 21.684485 30.000000
      vertex 26.879860 21.805270 30.000000
    endloop
  endfacet
  facet normal 0.000000 0.000000 1.000000
    outer loop
      vertex 0.000000 0.000000 30.000000
      vertex 26.879860 21.805270 30.000000
      vertex 25.499206 21.916345 30.000000
    endloop
  endfacet
  facet normal 0.000000 0.000000 1.000000
    outer loop
      vertex 0.000000 0.000000 30.000000
      vertex 25.499206 21.916345 30.000000
      vertex 24.060834 22.017722 30.000000
    endloop
  endfacet
  facet normal 0.000000 0.000000 1.000000
    outer loop
      vertex 0.000000 0.000000 30.000000
      vertex 24.060834 22.017722 30.000000
      vertex 22.558167 22.109413 30.000000
    endloop
  endfacet
  facet normal 0.000000 0.000000 1.000000
    outer loop
      vertex 0.000000 0.000000 30.000000
      vertex 22.558167 22.109413 30.000000
      vertex 20.982747 22.191429 30.000000
    endloop
  endfacet
  facet normal 0.000000 0.000000 1.000000
    outer loop
      vertex 0.000000 0.000000 30.000000
      vertex 20.982747 22.191429 30.000000
      vertex 19.323406 22.263777 30.000000
    endloop
  endfacet
  facet normal 0.000000 0.000000 1.000000
    outer loop
      vertex 0.000000 0.000000 30.000000
      vertex 19.323406 22.263777 30.000000
      vertex 17.564905 22.326465 30.000000
    endloop
  endfacet
  facet normal 0.000000 0.000000 1.000000
    outer loop
      vertex 0.000000 0.000000 30.000000
      vertex 17.564905 22.326465 30.000000
      vertex 15.685525 22.379500 30.000000
    endloop
  endfacet
  facet normal 0.000000 0.000000 1.000000
    outer loop
      vertex 0.000000 0.000000 30.000000
      vertex 15.685525 22.379500 30.000000
      vertex 13.652420 22.422885 30.000000
    endloop
  endfacet
  facet normal 0.000000 0.000000 1.000000
    outer loop
      vertex 0.000000 0.000000 30.000000
      vertex 13.652420 22.422885 30.000000
      vertex 11.411430 22.456625 30.000000
    endloop
  endfacet
  facet normal 0.000000 0.000000 1.000000
    outer loop
      vertex 0.000000 0.000000 30.000000
      vertex 11.411430 22.456625 30.000000
      vertex 8.860090 22.480723 30.000000
    endloop
  endfacet
  facet normal 0.000000 0.000000 1.000000
    outer loop
      vertex 0.000000 0.000000 30.000000
      vertex 8.860090 22.480723 30.000000
      vertex 5.746288 22.495181 30.000000
    endloop
  endfacet
  facet normal 0.000000 0.000000 1.000000
    outer loop
      vertex 0.000000 0.000000 30.000000
      vertex 5.746288 22.495181 30.000000
      vertex 0.000000 22.500000 30.000000
    endloop
  endfacet
  facet normal 0.000000 -0.000000 1.000000
    outer loop
      vertex 0.000000 0.000000 30.000000
      vertex 0.000000 22.500000 30.000000
      vertex -5.746288 22.495181 30.000000
    endloop
  endfacet
  facet normal 0.000000 0.000000 1.000000
    outer loop
      vertex 0.000000 0.000000 30.000000
      vertex -5.746288 22.495181 30.000000
      vertex -8.860090 22.480723 30.000000
    endloop
  endfacet
  facet normal 0.000000 0.000000 1.000000
    outer loop
      vertex 0.000000 0.000000 30.000000
      vertex -8.860090 22.480723 30.000000
      vertex -11.411430 22.456625 30.000000
    endloop
  endfacet
  facet normal 0.000000 0.000000 1.000000
    outer loop
      vertex 0.000000 0.000000 30.000000
      vertex -11.411430 22.456625 30.000000
      vertex -13.652420 22.422885 30.000000
    endloop
  endfacet
  facet normal 0.000000 0.000000 1.000000
    outer loop
      vertex 0.000000 0.000000 30.000000
      vertex -13.652420 22.422885 30.000000
      vertex -15.685525 22.379500 30.000000
    endloop
  endfacet
  facet normal 0.000000 0.000000 1.000000
    outer loop
      vertex 0.000000 0.000000 30.000000
      vertex -15.685525 22.379500 30.000000
      vertex -17.564905 22.326465 30.000000
    endloop
  endfacet
  facet normal 0.000000 0.000000 1.000000
    outer loop
      vertex 0.000000 0.000000 30.000000
      vertex -17.564905 22.326465 30.000000
      vertex -19.323406 22.263777 30.000000
    endloop
  endfacet
  facet normal 0.000000 0.000000 1.000000
    outer loop
      vertex 0.000000 0.000000 30.000000
      vertex -19.323406 22.263777 30.000000
      vertex -20.982747 22.191429 30.000000
    endloop
  endfacet
  facet normal 0.000000 0.000000 1.000000
    outer loop
      vertex 0.000000 0.000000 30.000000
      vertex -20.982747 22.191429 30.000000
      vertex -22.558167 22.109413 30.000000
    endloop
  endfacet
  facet normal 0.000000 0.000000 1.000000
    outer loop
      vertex 0.000000 0.000000 30.000000
      vertex -22.558167 22.109413 30.000000
      vertex -24.060834 22.017722 30.000000
    endloop
  endfacet
  facet normal 0.000000 0.000000 1.000000
    outer loop
      vertex 0.000000 0.000000 30.000000
      vertex -24.060834 22.017722 30.000000
      vertex -25.499206 21.916345 30.000000
    endloop
  endfacet
  facet normal 0.000000 0.000000 1.000000
    outer loop
      vertex 0.000000 0.000000 30.000000
      vertex -25.499206 21.916345 30.000000
      vertex -26.879860 21.805270 30.000000
    endloop
  endfacet
  facet normal 0.000000 0.000000 1.000000
    outer loop
      vertex 0.000000 0.000000 30.000000
      vertex -26.879860 21.805270 30.000000
      vertex -28.208017 21.684485 30.000000
    endloop
  endfacet
  facet normal 0.000000 0.000000 1.000000
    outer loop
      vertex 0.000000 0.000000 30.000000
      vertex -28.208017 21.684485 30.000000
      vertex -29.487894 21.553974 30.000000
    endloop
  endfacet
  facet normal 0.000000 0.000000 1.000000
    outer loop
      vertex 0.000000 0.000000 30.000000
      vertex -29.487894 21.553974 30.000000
      vertex -30.722943 21.413719 30.000000
    endloop
  endfacet
  facet normal 0.000000 0.000000 1.000000
    outer loop
      vertex 0.000000 0.000000 30.000000
      vertex -30.722943 21.413719 30.000000
      vertex -31.916028 21.263702 30.000000
    endloop
  endfacet
  facet normal 0.000000 0.000000 1.000000
    outer loop
      vertex 0.000000 0.000000 30.000000
      vertex -31.916028 21.263702 30.000000
      vertex -33.069547 21.103898 30.000000
    endloop
  endfacet
  facet normal 0.000000 0.000000 1.000000
    outer loop
      vertex 0.000000 0.000000 30.000000
      vertex -33.069547 21.103898 30.000000
      vertex -34.185525 20.934282 30.000000
    endloop
  endfacet
  facet normal 0.000000 0.000000 1.000000
    outer loop
      vertex 0.000000 0.000000 30.000000
      vertex -34.185525 20.934282 30.000000
      vertex -35.265686 20.754825 30.000000
    endloop
  endfacet
  facet normal 0.000000 0.000000 1.000000
    outer loop
      vertex 0.000000 0.000000 30.000000
      vertex -35.265686 20.754825 30.000000
      vertex -36.311508 20.565495 30.000000
    endloop
  endfacet
  facet normal 0.000000 0.000000 1.000000
    outer loop
      vertex 0.000000 0.000000 30.000000
      vertex -36.311508 20.565495 30.000000
      vertex -37.324261 20.366253 30.000000
    endloop
  endfacet
  facet normal 0.000000 0.000000 1.000000
    outer loop
      vertex 0.000000 0.000000 30.000000
      vertex -37.324261 20.366253 30.000000
      vertex -38.305047 20.157058 30.000000
    endloop
  endfacet
  facet normal 0.000000 0.000000 1.000000
    outer loop
      vertex 0.000000 0.000000 30.000000
      vertex -38.305047 20.157058 30.000000
      vertex -39.254825 19.937862 30.000000
    endloop
  endfacet
  facet normal 0.000000 0.000000 1.000000
    outer loop
      vertex 0.000000 0.000000 30.000000
      vertex -39.254825 19.937862 30.000000
      vertex -40.174428 19.708612 30.000000
    endloop
  endfacet
  facet normal 0.000000 0.000000 1.000000
    outer loop
      vertex 0.000000 0.000000 30.000000
      vertex -40.174428 19.708612 30.000000
      vertex -41.064589 19.469248 30.000000
    endloop
  endfacet
  facet normal 0.000000 0.000000 1.000000
    outer loop
      vertex 0.000000 0.000000 30.000000
      vertex -41.064589 19.469248 30.000000
      vertex -41.925949 19.219702 30.000000
    endloop
  endfacet
  facet normal 0.000000 0.000000 1.000000
    outer loop
      vertex 0.000000 0.000000 30.000000
      vertex -41.925949 19.219702 30.000000
      vertex -42.759074 18.959897 30.000000
    endloop
  endfacet
  facet normal 0.000000 0.000000 1.000000
    outer loop
      vertex 0.000000 0.000000 30.000000
      vertex -42.759074 18.959897 30.000000
      vertex -43.564460 18.689747 30.000000
    endloop
  endfacet
  facet normal 0.000000 0.000000 1.000000
    outer loop
      vertex 0.000000 0.000000 30.000000
      vertex -43.564460 18.689747 30.000000
      vertex -44.342549 18.409157 30.000000
    endloop
  endfacet
  facet normal 0.000000 0.000000 1.000000
    outer loop
      vertex 0.000000 0.000000 30.000000
      vertex -44.342549 18.409157 30.000000
      vertex -45.093729 18.118016 30.000000
    endloop
  endfacet
  facet normal 0.000000 0.000000 1.000000
    outer loop
      vertex 0.000000 0.000000 30.000000
      vertex -45.093729 18.118016 30.000000
      vertex -45.818346 17.816203 30.000000
    endloop
  endfacet
  facet normal 0.000000 0.000000 1.000000
    outer loop
      vertex 0.000000 0.000000 30.000000
      vertex -45.818346 17.816203 30.000000
      vertex -46.516704 17.503578 30.000000
    endloop
  endfacet
  facet normal 0.000000 0.000000 1.000000
    outer loop
      vertex 0.000000 0.000000 30.000000
      vertex -46.516704 17.503578 30.000000
      vertex -47.189076 17.179985 30.000000
    endloop
  endfacet
  facet normal 0.000000 0.000000 1.000000
    outer loop
      vertex 0.000000 0.000000 30.000000
      vertex -47.189076 17.179985 30.000000
      vertex -47.835702 16.845247 30.000000
    endloop
  endfacet
  facet normal 0.000000 0.000000 1.000000
    outer loop
      vertex 0.000000 0.000000 30.000000
      vertex -47.835702 16.845247 30.000000
      vertex -48.456795 16.499165 30.000000
    endloop
  endfacet
  facet normal 0.000000 0.000000 1.000000
    outer loop
      vertex 0.000000 0.000000 30.000000
      vertex -48.456795 16.499165 30.000000
      vertex -49.052546 16.141511 30.000000
    endloop
  endfacet
  facet normal 0.000000 0.000000 1.000000
    outer loop
      vertex 0.000000 0.000000 30.000000
      vertex -49.052546 16.141511 30.000000
      vertex -49.623124 15.772028 30.000000
    endloop
  endfacet
  facet normal 0.000000 0.000000 1.000000
    outer loop
      vertex 0.000000 0.000000 30.000000
      vertex -49.623124 15.772028 30.000000
      vertex -50.168678 15.390421 30.000000
    endloop
  endfacet
  facet normal 0.000000 0.000000 1.000000
    outer loop
      vertex 0.000000 0.000000 30.000000
      vertex -50.168678 15.390421 30.000000
      vertex -50.689341 14.996355 30.000000
    endloop
  endfacet
  facet normal 0.000000 0.000000 1.000000
    outer loop
      vertex 0.000000 0.000000 30.000000
      vertex -50.689341 14.996355 30.000000
      vertex -51.185231 14.589445 30.000000
    endloop
  endfacet
  facet normal 0.000000 0.000000 1.000000
    outer loop
      vertex 0.000000 0.000000 30.000000
      vertex -51.185231 14.589445 30.000000
      vertex -51.656454 14.169249 30.000000
    endloop
  endfacet
  facet normal 0.000000 0.000000 1.000000
    outer loop
      vertex 0.000000 0.000000 30.000000
      vertex -51.656454 14.169249 30.000000
      vertex -52.103102 13.735256 30.000000
    endloop
  endfacet
  facet normal 0.000000 0.000000 1.000000
    outer loop
      vertex 0.000000 0.000000 30.000000
      vertex -52.103102 13.735256 30.000000
      vertex -52.525257 13.286872 30.000000
    endloop
  endfacet
  facet normal 0.000000 0.000000 1.000000
    outer loop
      vertex 0.000000 0.000000 30.000000
      vertex -52.525257 13.286872 30.000000
      vertex -52.922991 12.823404 30.000000
    endloop
  endfacet
  facet normal 0.000000 0.000000 1.000000
    outer loop
      vertex 0.000000 0.000000 30.000000
      vertex -52.922991 12.823404 30.000000
      vertex -53.296369 12.344040 30.000000
    endloop
  endfacet
  facet normal 0.000000 0.000000 1.000000
    outer loop
      vertex 0.000000 0.000000 30.000000
      vertex -53.296369 12.344040 30.000000
      vertex -53.645446 11.847814 30.000000
    endloop
  endfacet
  facet normal 0.000000 0.000000 1.000000
    outer loop
      vertex 0.000000 0.000000 30.000000
      vertex -53.645446 11.847814 30.000000
      vertex -53.970274 11.333578 30.000000
    endloop
  endfacet
  facet normal 0.000000 0.000000 1.000000
    outer loop
      vertex 0.000000 0.000000 30.000000
      vertex -53.970274 11.333578 30.000000
      vertex -54.270895 10.799944 30.000000
    endloop
  endfacet
  facet normal 0.000000 0.000000 1.000000
    outer loop
      vertex 0.000000 0.000000 30.000000
      vertex -54.270895 10.799944 30.000000
      vertex -54.547347 10.245217 30.000000
    endloop
  endfacet
  facet normal 0.000000 0.000000 1.000000
    outer loop
      vertex 0.000000 0.000000 30.000000
      vertex -54.547347 10.245217 30.000000
      vertex -54.799663 9.667299 30.000000
    endloop
  endfacet
  facet normal 0.000000 0.000000 1.000000
    outer loop
      vertex 0.000000 0.000000 30.000000
      vertex -54.799663 9.667299 30.000000
      vertex -55.027873 9.063549 30.000000
    endloop
  endfacet
  facet normal 0.000000 0.000000 1.000000
    outer loop
      vertex 0.000000 0.000000 30.000000
      vertex -55.027873 9.063549 30.000000
      vertex -55.232000 8.430568 30.000000
    endloop
  endfacet
  facet normal 0.000000 0.000000 1.000000
    outer loop
      vertex 0.000000 0.000000 30.000000
      vertex -55.232000 8.430568 30.000000
      vertex -55.412067 7.763868 30.000000
    endloop
  endfacet
  facet normal 0.000000 0.000000 1.000000
    outer loop
      vertex 0.000000 0.000000 30.000000
      vertex -55.412067 7.763868 30.000000
      vertex -55.568092 7.057328 30.000000
    endloop
  endfacet
  facet normal 0.000000 0.000000 1.000000
    outer loop
      vertex 0.000000 0.000000 30.000000
      vertex -55.568092 7.057328 30.000000
      vertex -55.700088 6.302220 30.000000
    endloop
  endfacet
  facet normal 0.000000 0.000000 1.000000
    outer loop
      vertex 0.000000 0.000000 30.000000
      vertex -55.700088 6.302220 30.000000
      vertex -55.808069 5.485347 30.000000
    endloop
  endfacet
  facet normal 0.000000 0.000000 1.000000
    outer loop
      vertex 0.000000 0.000000 30.000000
      vertex -55.808069 5.485347 30.000000
      vertex -55.892044 4.584950 30.000000
    endloop
  endfacet
  facet normal 0.000000 0.000000 1.000000
    outer loop
      vertex 0.000000 0.000000 30.000000
      vertex -55.892044 4.584950 30.000000
      vertex -55.952021 3.559858 30.000000
    endloop
  endfacet
  facet normal 0.000000 0.000000 1.000000
    outer loop
      vertex 0.000000 0.000000 30.000000
      vertex -55.952021 3.559858 30.000000
      vertex -55.988006 2.308777 30.000000
    endloop
  endfacet
  facet normal 0.000000 0.000000 1.000000
    outer loop
      vertex 0.000000 0.000000 30.000000
      vertex -55.988006 2.308777 30.000000
      vertex -56.000000 0.000000 30.000000
    endloop
  endfacet
  facet normal 0.000000 0.000000 1.000000
    outer loop
      vertex 0.000000 0.000000 30.000000
      vertex -56.000000 0.000000 30.000000
      vertex -55.988006 -2.308777 30.000000
    endloop
  endfacet
  facet normal 0.000000 0.000000 1.000000
    outer loop
      vertex 0.000000 0.000000 30.000000
      vertex -55.988006 -2.308777 30.000000
      vertex -55.952021 -3.559858 30.000000
    endloop
  endfacet
  facet normal 0.000000 0.000000 1.000000
    outer loop
      vertex 0.000000 0.000000 30.000000
      vertex -55.952021 -3.559858 30.000000
      vertex -55.892044 -4.584950 30.000000
    endloop
  endfacet
  facet normal 0.000000 0.000000 1.000000
    outer loop
      vertex 0.000000 0.000000 30.000000
      vertex -55.892044 -4.584950 30.000000
      vertex -55.808069 -5.485347 30.000000
    endloop
  endfacet
  facet normal 0.000000 0.000000 1.000000
    outer loop
      vertex 0.000000 0.000000 30.000000
      vertex -55.808069 -5.485347 30.000000
      vertex -55.700088 -6.302220 30.000000
    endloop
  endfacet
  facet normal 0.000000 0.000000 1.000000
    outer loop
      vertex 0.000000 0.000000 30.000000
      vertex -55.700088 -6.302220 30.000000
      vertex -55.568092 -7.057328 30.000000
    endloop
  endfacet
  facet normal 0.000000 0.000000 1.000000
    outer loop
      vertex 0.000000 0.000000 30.000000
      vertex -55.568092 -7.057328 30.000000
      vertex -55.412067 -7.763868 30.000000
    endloop
  endfacet
  facet normal 0.000000 0.000000 1.000000
    outer loop
      vertex 0.000000 0.000000 30.000000
      vertex -55.412067 -7.763868 30.000000
      vertex -55.232000 -8.430568 30.000000
    endloop
  endfacet
  facet normal 0.000000 0.000000 1.000000
    outer loop
      vertex 0.000000 0.000000 30.000000
      vertex -55.232000 -8.430568 30.000000
      vertex -55.027873 -9.063549 30.000000
    endloop
  endfacet
  facet normal 0.000000 0.000000 1.000000
    outer loop
      vertex 0.000000 0.000000 30.000000
      vertex -55.027873 -9.063549 30.000000
      vertex -54.799663 -9.667299 30.000000
    endloop
  endfacet
  facet normal 0.000000 0.000000 1.000000
    outer loop
      vertex 0.000000 0.000000 30.000000
      vertex -54.799663 -9.667299 30.000000
      vertex -54.547347 -10.245217 30.000000
    endloop
  endfacet
  facet normal 0.000000 0.000000 1.000000
    outer loop
      vertex 0.000000 0.000000 30.000000
      vertex -54.547347 -10.245217 30.000000
      vertex -54.270895 -10.799944 30.000000
    endloop
  endfacet
  facet normal 0.000000 0.000000 1.000000
    outer loop
      vertex 0.000000 0.000000 30.000000
      vertex -54.270895 -10.799944 30.000000
      vertex -53.970274 -11.333578 30.000000
    endloop
  endfacet
  facet normal 0.000000 0.000000 1.000000
    outer loop
      vertex 0.000000 0.000000 30.000000
      vertex -53.970274 -11.333578 30.000000
      vertex -53.645446 -11.847814 30.000000
    endloop
  endfacet
  facet normal 0.000000 0.000000 1.000000
    outer loop
      vertex 0.000000 0.000000 30.000000
      vertex -53.645446 -11.847814 30.000000
      vertex -53.296369 -12.344040 30.000000
    endloop
  endfacet
  facet normal 0.000000 0.000000 1.000000
    outer loop
      vertex 0.000000 0.000000 30.000000
      vertex -53.296369 -12.344040 30.000000
      vertex -52.922991 -12.823404 30.000000
    endloop
  endfacet
  facet normal 0.000000 0.000000 1.000000
    outer loop
      vertex 0.000000 0.000000 30.000000
      vertex -52.922991 -12.823404 30.000000
      vertex -52.525257 -13.286872 30.000000
    endloop
  endfacet
  facet normal 0.000000 0.000000 1.000000
    outer loop
      vertex 0.000000 0.000000 30.000000
      vertex -52.525257 -13.286872 30.000000
      vertex -52.103102 -13.735256 30.000000
    endloop
  endfacet
  facet normal 0.000000 0.000000 1.000000
    outer loop
      vertex 0.000000 0.000000 30.000000
      vertex -52.103102 -13.735256 30.000000
      vertex -51.656454 -14.169249 30.000000
    endloop
  endfacet
  facet normal 0.000000 0.000000 1.000000
    outer loop
      vertex 0.000000 0.000000 30.000000
      vertex -51.656454 -14.169249 30.000000
      vertex -51.185231 -14.589445 30.000000
    endloop
  endfacet
  facet normal 0.000000 0.000000 1.000000
    outer loop
      vertex 0.000000 0.000000 30.000000
      vertex -51.185231 -14.589445 30.000000
      vertex -50.689341 -14.996355 30.000000
    endloop
  endfacet
  facet normal 0.000000 0.000000 1.000000
    outer loop
      vertex 0.000000 0.000000 30.000000
      vertex -50.689341 -14.996355 30.000000
      vertex -50.168678 -15.390421 30.000000
    endloop
  endfacet
  facet normal 0.000000 0.000000 1.000000
    outer loop
      vertex 0.000000 0.000000 30.000000
      vertex -50.168678 -15.390421 30.000000
      vertex -49.623124 -15.772028 30.000000
    endloop
  endfacet
  facet normal 0.000000 0.000000 1.000000
    outer loop
      vertex 0.000000 0.000000 30.000000
      vertex -49.623124 -15.772028 30.000000
      vertex -49.052546 -16.141511 30.000000
    endloop
  endfacet
  facet normal 0.000000 0.000000 1.000000
    outer loop
      vertex 0.000000 0.000000 30.000000
      vertex -49.052546 -16.141511 30.000000
      vertex -48.456795 -16.499165 30.000000
    endloop
  endfacet
  facet normal 0.000000 0.000000 1.000000
    outer loop
      vertex 0.000000 0.000000 30.000000
      vertex -48.456795 -16.499165 30.000000
      vertex -47.835702 -16.845247 30.000000
    endloop
  endfacet
  facet normal 0.000000 0.000000 1.000000
    outer loop
      vertex 0.000000 0.000000 30.000000
      vertex -47.835702 -16.845247 30.000000
      vertex -47.189076 -17.179985 30.000000
    endloop
  endfacet
  facet normal 0.000000 0.000000 1.000000
    outer loop
      vertex 0.000000 0.000000 30.000000
      vertex -47.189076 -17.179985 30.000000
      vertex -46.516704 -17.503578 30.000000
    endloop
  endfacet
  facet normal 0.000000 0.000000 1.000000
    outer loop
      vertex 0.000000 0.000000 30.000000
      vertex -46.516704 -17.503578 30.000000
      vertex -45.818346 -17.816203 30.000000
    endloop
  endfacet
  facet normal 0.000000 0.000000 1.000000
    outer loop
      vertex 0.000000 0.000000 30.000000
      vertex -45.818346 -17.816203 30.000000
      vertex -45.093729 -18.118016 30.000000
    endloop
  endfacet
  facet normal 0.000000 0.000000 1.000000
    outer loop
      vertex 0.000000 0.000000 30.000000
      vertex -45.093729 -18.118016 30.000000
      vertex -44.342549 -18.409157 30.000000
    endloop
  endfacet
  facet normal 0.000000 0.000000 1.000000
    outer loop
      vertex 0.000000 0.000000 30.000000
      vertex -44.342549 -18.409157 30.000000
      vertex -43.564460 -18.689747 30.000000
    endloop
  endfacet
  facet normal 0.000000 0.000000 1.000000
    outer loop
      vertex 0.000000 0.000000 30.000000
      vertex -43.564460 -18.689747 30.000000
      vertex -42.759074 -18.959897 30.000000
    endloop
  endfacet
  facet normal 0.000000 0.000000 1.000000
    outer loop
      vertex 0.000000 0.000000 30.000000
      vertex -42.759074 -18.959897 30.000000
      vertex -41.925949 -19.219702 30.000000
    endloop
  endfacet
  facet normal 0.000000 0.000000 1.000000
    outer loop
      vertex 0.000000 0.000000 30.000000
      vertex -41.925949 -19.219702 30.000000
      vertex -41.064589 -19.469248 30.000000
    endloop
  endfacet
  facet normal 0.000000 0.000000 1.000000
    outer loop
      vertex 0.000000 0.000000 30.000000
      vertex -41.064589 -19.469248 30.000000
      vertex -40.174428 -19.708612 30.000000
    endloop
  endfacet
  facet normal 0.000000 0.000000 1.000000
    outer loop
      vertex 0.000000 0.000000 30.000000
      vertex -40.174428 -19.708612 30.000000
      vertex -39.254825 -19.937862 30.000000
    endloop
  endfacet
  facet normal 0.000000 0.000000 1.000000
    outer loop
      vertex 0.000000 0.000000 30.000000
      vertex -39.254825 -19.937862 30.000000
      vertex -38.305047 -20.157058 30.000000
    endloop
  endfacet
  facet normal 0.000000 0.000000 1.000000
    outer loop
      vertex 0.000000 0.000000 30.000000
      vertex -38.305047 -20.157058 30.000000
      vertex -37.324261 -20.366253 30.000000
    endloop
  endfacet
  facet normal 0.000000 0.000000 1.000000
    outer loop
      vertex 0.000000 0.000000 30.000000
      vertex -37.324261 -20.366253 30.000000
      vertex -36.311508 -20.565495 30.000000
    endloop
  endfacet
  facet normal 0.000000 0.000000 1.000000
    outer loop
      vertex 0.000000 0.000000 30.000000
      vertex -36.311508 -20.565495 30.000000
      vertex -35.265686 -20.754825 30.000000
    endloop
  endfacet
  facet normal 0.000000 0.000000 1.000000
    outer loop
      vertex 0.000000 0.000000 30.000000
      vertex -35.265686 -20.754825 30.000000
      vertex -34.185525 -20.934282 30.000000
    endloop
  endfacet
  facet normal 0.000000 0.000000 1.000000
    outer loop
      vertex 0.000000 0.000000 30.000000
      vertex -34.185525 -20.934282 30.000000
      vertex -33.069547 -21.103898 30.000000
    endloop
  endfacet
  facet normal 0.000000 0.000000 1.000000
    outer loop
      vertex 0.000000 0.000000 30.000000
      vertex -33.069547 -21.103898 30.000000
      vertex -31.916028 -21.263702 30.000000
    endloop
  endfacet
  facet normal 0.000000 0.000000 1.000000
    outer loop
      vertex 0.000000 0.000000 30.000000
      vertex -31.916028 -21.263702 30.000000
      vertex -30.722943 -21.413719 30.000000
    endloop
  endfacet
  facet normal 0.000000 0.000000 1.000000
    outer loop
      vertex 0.000000 0.000000 30.000000
      vertex -30.722943 -21.413719 30.000000
      vertex -29.487894 -21.553974 30.000000
    endloop
  endfacet
  facet normal 0.000000 0.000000 1.000000
    outer loop
      vertex 0.000000 0.000000 30.000000
      vertex -29.487894 -21.553974 30.000000
      vertex -28.208017 -21.684485 30.000000
    endloop
  endfacet
  facet normal 0.000000 0.000000 1.000000
    outer loop
      vertex 0.000000 0.000000 30.000000
      vertex -28.208017 -21.684485 30.000000
      vertex -26.879860 -21.805270 30.000000
    endloop
  endfacet
  facet normal 0.000000 0.000000 1.000000
    outer loop
      vertex 0.000000 0.000000 30.000000
      vertex -26.879860 -21.805270 30.000000
      vertex -25.499206 -21.916345 30.000000
    endloop
  endfacet
  facet normal 0.000000 0.000000 1.000000
    outer loop
      vertex 0.000000 0.000000 30.000000
      vertex -25.499206 -21.916345 30.000000
      vertex -24.060834 -22.017722 30.000000
    endloop
  endfacet
  facet normal 0.000000 0.000000 1.000000
    outer loop
      vertex 0.000000 0.000000 30.000000
      vertex -24.060834 -22.017722 30.000000
      vertex -22.558167 -22.109413 30.000000
    endloop
  endfacet
  facet normal 0.000000 0.000000 1.000000
    outer loop
      vertex 0.000000 0.000000 30.000000
      vertex -22.558167 -22.109413 30.000000
      vertex -20.982747 -22.191429 30.000000
    endloop
  endfacet
  facet normal 0.000000 0.000000 1.000000
    outer loop
      vertex 0.000000 0.000000 30.000000
      vertex -20.982747 -22.191429 30.000000
      vertex -19.323406 -22.263777 30.000000
    endloop
  endfacet
  facet normal 0.000000 0.000000 1.000000
    outer loop
      vertex 0.000000 0.000000 30.000000
      vertex -19.323406 -22.263777 30.000000
      vertex -17.564905 -22.326465 30.000000
    endloop
  endfacet
  facet normal 0.000000 0.000000 1.000000
    outer loop
      vertex 0.000000 0.000000 30.000000
      vertex -17.564905 -22.326465 30.000000
      vertex -15.685525 -22.379500 30.000000
    endloop
  endfacet
  facet normal 0.000000 0.000000 1.000000
    outer loop
      vertex 0.000000 0.000000 30.000000
      vertex -15.685525 -22.379500 30.000000
      vertex -13.652420 -22.422885 30.000000
    endloop
  endfacet
  facet normal 0.000000 0.000000 1.000000
    outer loop
      vertex 0.000000 0.000000 30.000000
      vertex -13.652420 -22.422885 30.000000
      vertex -11.411430 -22.456625 30.000000
    endloop
  endfacet
  facet normal 0.000000 0.000000 1.000000
    outer loop
      vertex 0.000000 0.000000 30.000000
      vertex -11.411430 -22.456625 30.000000
      vertex -8.860090 -22.480723 30.000000
    endloop
  endfacet
  facet normal 0.000000 0.000000 1.000000
    outer loop
      vertex 0.000000 0.000000 30.000000
      vertex -8.860090 -22.480723 30.000000
      vertex -5.746288 -22.495181 30.000000
    endloop
  endfacet
  facet normal 0.000000 0.000000 1.000000
    outer loop
      vertex 0.000000 0.000000 30.000000
      vertex -5.746288 -22.495181 30.000000
      vertex -0.000000 -22.500000 30.000000
    endloop
  endfacet
  facet normal 0.000000 0.000000 1.000000
    outer loop
      vertex 0.000000 0.000000 30.000000
      vertex -0.000000 -22.500000 30.000000
      vertex 5.746288 -22.495181 30.000000
    endloop
  endfacet
  facet normal 0.000000 0.000000 1.000000
    outer loop
      vertex 0.000000 0.000000 30.000000
      vertex 5.746288 -22.495181 30.000000
      vertex 8.860090 -22.480723 30.000000
    endloop
  endfacet
  facet normal 0.000000 0.000000 1.000000
    outer loop
      vertex 0.000000 0.000000 30.000000
      vertex 8.860090 -22.480723 30.000000
      vertex 11.411430 -22.456625 30.000000
    endloop
  endfacet
  facet normal 0.000000 0.000000 1.000000
    outer loop
      vertex 0.000000 0.000000 30.000000
      vertex 11.411430 -22.456625 30.000000
      vertex 13.652420 -22.422885 30.000000
    endloop
  endfacet
  facet normal 0.000000 0.000000 1.000000
    outer loop
      vertex 0.000000 0.000000 30.000000
      vertex 13.652420 -22.422885 30.000000
      vertex 15.685525 -22.379500 30.000000
    endloop
  endfacet
  facet normal 0.000000 0.000000 1.000000
    outer loop
      vertex 0.000000 0.000000 30.000000
      vertex 15.685525 -22.379500 30.000000
      vertex 17.564905 -22.326465 30.000000
    endloop
  endfacet
  facet normal 0.000000 0.000000 1.000000
    outer loop
      vertex 0.000000 0.000000 30.000000
      vertex 17.564905 -22.326465 30.000000
      vertex 19.323406 -22.263777 30.000000
    endloop
  endfacet
  facet normal 0.000000 0.000000 1.000000
    outer loop
      vertex 0.000000 0.000000 30.000000
      vertex 19.323406 -22.263777 30.000000
      vertex 20.982747 -22.191429 30.000000
    endloop
  endfacet
  facet normal 0.000000 0.000000 1.000000
    outer loop
      vertex 0.000000 0.000000 30.000000
      vertex 20.982747 -22.191429 30.000000
      vertex 22.558167 -22.109413 30.000000
    endloop
  endfacet
  facet normal 0.000000 0.000000 1.000000
    outer loop
      vertex 0.000000 0.000000 30.000000
      vertex 22.558167 -22.109413 30.000000
      vertex 24.060834 -22.017722 30.000000
    endloop
  endfacet
  facet normal 0.000000 0.000000 1.000000
    outer loop
      vertex 0.000000 0.000000 30.000000
      vertex 24.060834 -22.017722 30.000000
      vertex 25.499206 -21.916345 30.000000
    endloop
  endfacet
  facet normal 0.000000 0.000000 1.000000
    outer loop
      vertex 0.000000 0.000000 30.000000
      vertex 25.499206 -21.916345 30.000000
      vertex 26.879860 -21.805270 30.000000
    endloop
  endfacet
  facet normal 0.000000 0.000000 1.000000
    outer loop
      vertex 0.000000 0.000000 30.000000
      vertex 26.879860 -21.805270 30.000000
      vertex 28.208017 -21.684485 30.000000
    endloop
  endfacet
  facet normal 0.000000 0.000000 1.000000
    outer loop
      vertex 0.000000 0.000000 30.000000
      vertex 28.208017 -21.684485 30.000000
      vertex 29.487894 -21.553974 30.000000
    endloop
  endfacet
  facet normal 0.000000 0.000000 1.000000
    outer loop
      vertex 0.000000 0.000000 30.000000
      vertex 29.487894 -21.553974 30.000000
      vertex 30.722943 -21.413719 30.000000
    endloop
  endfacet
  facet normal 0.000000 0.000000 1.000000
    outer loop
      vertex 0.000000 0.000000 30.000000
      vertex 30.722943 -21.413719 30.000000
      vertex 31.916028 -21.263702 30.000000
    endloop
  endfacet
  facet normal 0.000000 0.000000 1.000000
    outer loop
      vertex 0.000000 0.000000 30.000000
      vertex 31.916028 -21.263702 30.000000
      vertex 33.069547 -21.103898 30.000000
    endloop
  endfacet
  facet normal 0.000000 0.000000 1.000000
    outer loop
      vertex 0.000000 0.000000 30.000000
      vertex 33.069547 -21.103898 30.000000
      vertex 34.185525 -20.934282 30.000000
    endloop
  endfacet
  facet normal 0.000000 0.000000 1.000000
    outer loop
      vertex 0.000000 0.000000 30.000000
      vertex 34.185525 -20.934282 30.000000
      vertex 35.265686 -20.754825 30.000000
    endloop
  endfacet
  facet normal 0.000000 0.000000 1.000000
    outer loop
      vertex 0.000000 0.000000 30.000000
      vertex 35.265686 -20.754825 30.000000
      vertex 36.311508 -20.565495 30.000000
    endloop
  endfacet
  facet normal 0.000000 0.000000 1.000000
    outer loop
      vertex 0.000000 0.000000 30.000000
      vertex 36.311508 -20.565495 30.000000
      vertex 37.324261 -20.366253 30.000000
    endloop
  endfacet
  facet normal 0.000000 0.000000 1.000000
    outer loop
      vertex 0.000000 0.000000 30.000000
      vertex 37.324261 -20.366253 30.000000
      vertex 38.305047 -20.157058 30.000000
    endloop
  endfacet
  facet normal 0.000000 0.000000 1.000000
    outer loop
      vertex 0.000000 0.000000 30.000000
      vertex 38.305047 -20.157058 30.000000
      vertex 39.254825 -19.937862 30.000000
    endloop
  endfacet
  facet normal 0.000000 0.000000 1.000000
    outer loop
      vertex 0.000000 0.000000 30.000000
      vertex 39.254825 -19.937862 30.000000
      vertex 40.174428 -19.708612 30.000000
    endloop
  endfacet
  facet normal 0.000000 0.000000 1.000000
    outer loop
      vertex 0.000000 0.000000 30.000000
      vertex 40.174428 -19.708612 30.000000
      vertex 41.064589 -19.469248 30.000000
    endloop
  endfacet
  facet normal 0.000000 0.000000 1.000000
    outer loop
      vertex 0.000000 0.000000 30.000000
      vertex 41.064589 -19.469248 30.000000
      vertex 41.925949 -19.219702 30.000000
    endloop
  endfacet
  facet normal 0.000000 0.000000 1.000000
    outer loop
      vertex 0.000000 0.000000 30.000000
      vertex 41.925949 -19.219702 30.000000
      vertex 42.759074 -18.959897 30.000000
    endloop
  endfacet
  facet normal 0.000000 0.000000 1.000000
    outer loop
      vertex 0.000000 0.000000 30.000000
      vertex 42.759074 -18.959897 30.000000
      vertex 43.564460 -18.689747 30.000000
    endloop
  endfacet
  facet normal 0.000000 0.000000 1.000000
    outer loop
      vertex 0.000000 0.000000 30.000000
      vertex 43.564460 -18.689747 30.000000
      vertex 44.342549 -18.409157 30.000000
    endloop
  endfacet
  facet normal 0.000000 0.000000 1.000000
    outer loop
      vertex 0.000000 0.000000 30.000000
      vertex 44.342549 -18.409157 30.000000
      vertex 45.093729 -18.118016 30.000000
    endloop
  endfacet
  facet normal 0.000000 0.000000 1.000000
    outer loop
      vertex 0.000000 0.000000 30.000000
      vertex 45.093729 -18.118016 30.000000
      vertex 45.818346 -17.816203 30.000000
    endloop
  endfacet
  facet normal 0.000000 0.000000 1.000000
    outer loop
      vertex 0.000000 0.000000 30.000000
      vertex 45.818346 -17.816203 30.000000
      vertex 46.516704 -17.503578 30.000000
    endloop
  endfacet
  facet normal 0.000000 0.000000 1.000000
    outer loop
      vertex 0.000000 0.000000 30.000000
      vertex 46.516704 -17.503578 30.000000
      vertex 47.189076 -17.179985 30.000000
    endloop
  endfacet
  facet normal 0.000000 0.000000 1.000000
    outer loop
      vertex 0.000000 0.000000 30.000000
      vertex 47.189076 -17.179985 30.000000
      vertex 47.835702 -16.845247 30.000000
    endloop
  endfacet
  facet normal 0.000000 0.000000 1.000000
    outer loop
      vertex 0.000000 0.000000 30.000000
      vertex 47.835702 -16.845247 30.000000
      vertex 48.456795 -16.499165 30.000000
    endloop
  endfacet
  facet normal 0.000000 0.000000 1.000000
    outer loop
      vertex 0.000000 0.000000 30.000000
      vertex 48.456795 -16.499165 30.000000
      vertex 49.052546 -16.141511 30.000000
    endloop
  endfacet
  facet normal 0.000000 0.000000 1.000000
    outer loop
      vertex 0.000000 0.000000 30.000000
      vertex 49.052546 -16.141511 30.000000
      vertex 49.623124 -15.772028 30.000000
    endloop
  endfacet
  facet normal 0.000000 0.000000 1.000000
    outer loop
      vertex 0.000000 0.000000 30.000000
      vertex 49.623124 -15.772028 30.000000
      vertex 50.168678 -15.390421 30.000000
    endloop
  endfacet
  facet normal 0.000000 0.000000 1.000000
    outer loop
      vertex 0.000000 0.000000 30.000000
      vertex 50.168678 -15.390421 30.000000
      vertex 50.689341 -14.996355 30.000000
    endloop
  endfacet
  facet normal 0.000000 0.000000 1.000000
    outer loop
      vertex 0.000000 0.000000 30.000000
      vertex 50.689341 -14.996355 30.000000
      vertex 51.185231 -14.589445 30.000000
    endloop
  endfacet
  facet normal 0.000000 0.000000 1.000000
    outer loop
      vertex 0.000000 0.000000 30.000000
      vertex 51.185231 -14.589445 30.000000
      vertex 51.656454 -14.169249 30.000000
    endloop
  endfacet
  facet normal 0.000000 0.000000 1.000000
    outer loop
      vertex 0.000000 0.000000 30.000000
      vertex 51.656454 -14.169249 30.000000
      vertex 52.103102 -13.735256 30.000000
    endloop
  endfacet
  facet normal 0.000000 0.000000 1.000000
    outer loop
      vertex 0.000000 0.000000 30.000000
      vertex 52.103102 -13.735256 30.000000
      vertex 52.525257 -13.286872 30.000000
    endloop
  endfacet
  facet normal 0.000000 0.000000 1.000000
    outer loop
      vertex 0.000000 0.000000 30.000000
      vertex 52.525257 -13.286872 30.000000
      vertex 52.922991 -12.823404 30.000000
    endloop
  endfacet
  facet normal 0.000000 0.000000 1.000000
    outer loop
      vertex 0.000000 0.000000 30.000000
      vertex 52.922991 -12.823404 30.000000
      vertex 53.296369 -12.344040 30.000000
    endloop
  endfacet
  facet normal 0.000000 0.000000 1.000000
    outer loop
      vertex 0.000000 0.000000 30.000000
      vertex 53.296369 -12.344040 30.000000
      vertex 53.645446 -11.847814 30.000000
    endloop
  endfacet
  facet normal 0.000000 0.000000 1.000000
    outer loop
      vertex 0.000000 0.000000 30.000000
      vertex 53.645446 -11.847814 30.000000
      vertex 53.970274 -11.333578 30.000000
    endloop
  endfacet
  facet normal 0.000000 0.000000 1.000000
    outer loop
      vertex 0.000000 0.000000 30.000000
      vertex 53.970274 -11.333578 30.000000
      vertex 54.270895 -10.799944 30.000000
    endloop
  endfacet
  facet normal 0.000000 0.000000 1.000000
    outer loop
      vertex 0.000000 0.000000 30.000000
      vertex 54.270895 -10.799944 30.000000
      vertex 54.547347 -10.245217 30.000000
    endloop
  endfacet
  facet normal 0.000000 0.000000 1.000000
    outer loop
      vertex 0.000000 0.000000 30.000000
      vertex 54.547347 -10.245217 30.000000
      vertex 54.799663 -9.667299 30.000000
    endloop
  endfacet
  facet normal 0.000000 0.000000 1.000000
    outer loop
      vertex 0.000000 0.000000 30.000000
      vertex 54.799663 -9.667299 30.000000
      vertex 55.027873 -9.063549 30.000000
    endloop
  endfacet
  facet normal 0.000000 0.000000 1.000000
    outer loop
      vertex 0.000000 0.000000 30.000000
      vertex 55.027873 -9.063549 30.000000
      vertex 55.232000 -8.430568 30.000000
    endloop
  endfacet
  facet normal 0.000000 0.000000 1.000000
    outer loop
      vertex 0.000000 0.000000 30.000000
      vertex 55.232000 -8.430568 30.000000
      vertex 55.412067 -7.763868 30.000000
    endloop
  endfacet
  facet normal 0.000000 0.000000 1.000000
    outer loop
      vertex 0.000000 0.000000 30.000000
      vertex 55.412067 -7.763868 30.000000
      vertex 55.568092 -7.057328 30.000000
    endloop
  endfacet
  facet normal 0.000000 0.000000 1.000000
    outer loop
      vertex 0.000000 0.000000 30.000000
      vertex 55.568092 -7.057328 30.000000
      vertex 55.700088 -6.302220 30.000000
    endloop
  endfacet
  facet normal 0.000000 0.000000 1.000000
    outer loop
      vertex 0.000000 0.000000 30.000000
      vertex 55.700088 -6.302220 30.000000
      vertex 55.808069 -5.485347 30.000000
    endloop
  endfacet
  facet normal 0.000000 0.000000 1.000000
    outer loop
      vertex 0.000000 0.000000 30.000000
      vertex 55.808069 -5.485347 30.000000
      vertex 55.892044 -4.584950 30.000000
    endloop
  endfacet
  facet normal 0.000000 0.000000 1.000000
    outer loop
      vertex 0.000000 0.000000 30.000000
      vertex 55.892044 -4.584950 30.000000
      vertex 55.952021 -3.559858 30.000000
    endloop
  endfacet
  facet normal 0.000000 0.000000 1.000000
    outer loop
      vertex 0.000000 0.000000 30.000000
      vertex 55.952021 -3.559858 30.000000
      vertex 55.988006 -2.308777 30.000000
    endloop
  endfacet
  facet normal -0.000000 0.000000 1.000000
    outer loop
      vertex 0.000000 0.000000 30.000000
      vertex 55.988006 -2.308777 30.000000
      vertex 56.000000 0.000000 30.000000
    endloop
  endfacet
  facet normal 0.000000 0.000000 -1.000000
    outer loop
      vertex 0.000000 0.000000 0.000000
      vertex 55.988006 2.308777 0.000000
      vertex 56.000000 0.000000 0.000000
    endloop
  endfacet
  facet normal 0.000000 0.000000 -1.000000
    outer loop
      vertex 0.000000 0.000000 0.000000
      vertex 55.952021 3.559858 0.000000
      vertex 55.988006 2.308777 0.000000
    endloop
  endfacet
  facet normal 0.000000 0.000000 -1.000000
    outer loop
      vertex 0.000000 0.000000 0.000000
      vertex 55.892044 4.584950 0.000000
      vertex 55.952021 3.559858 0.000000
    endloop
  endfacet
  facet normal 0.000000 0.000000 -1.000000
    outer loop
      vertex 0.000000 0.000000 0.000000
      vertex 55.808069 5.485347 0.000000
      vertex 55.892044 4.584950 0.000000
    endloop
  endfacet
  facet normal 0.000000 0.000000 -1.000000
    outer loop
      vertex 0.000000 0.000000 0.000000
      vertex 55.700088 6.302220 0.000000
      vertex 55.808069 5.485347 0.000000
    endloop
  endfacet
  facet normal 0.000000 0.000000 -1.000000
    outer loop
      vertex 0.000000 0.000000 0.000000
      vertex 55.568092 7.057328 0.000000
      vertex 55.700088 6.302220 0.000000
    endloop
  endfacet
  facet normal 0.000000 0.000000 -1.000000
    outer loop
      vertex 0.000000 0.000000 0.000000
      vertex 55.412067 7.763868 0.000000
      vertex 55.568092 7.057328 0.000000
    endloop
  endfacet
  facet normal 0.000000 0.000000 -1.000000
    outer loop
      vertex 0.000000 0.000000 0.000000
      vertex 55.232000 8.430568 0.000000
      vertex 55.412067 7.763868 0.000000
    endloop
  endfacet
  facet normal 0.000000 0.000000 -1.000000
    outer loop
      vertex 0.000000 0.000000 0.000000
      vertex 55.027873 9.063549 0.000000
      vertex 55.232000 8.430568 0.000000
    endloop
  endfacet
  facet normal 0.000000 0.000000 -1.000000
    outer loop
      vertex 0.000000 0.000000 0.000000
      vertex 54.799663 9.667299 0.000000
      vertex 55.027873 9.063549 0.000000
    endloop
  endfacet
  facet normal 0.000000 0.000000 -1.000000
    outer loop
      vertex 0.000000 0.000000 0.000000
      vertex 54.547347 10.245217 0.000000
      vertex 54.799663 9.667299 0.000000
    endloop
  endfacet
  facet normal 0.000000 0.000000 -1.000000
    outer loop
      vertex 0.000000 0.000000 0.000000
      vertex 54.270895 10.799944 0.000000
      vertex 54.547347 10.245217 0.000000
    endloop
  endfacet
  facet normal 0.000000 0.000000 -1.000000
    outer loop
      vertex 0.000000 0.000000 0.000000
      vertex 53.970274 11.333578 0.000000
      vertex 54.270895 10.799944 0.000000
    endloop
  endfacet
  facet normal 0.000000 0.000000 -1.000000
    outer loop
      vertex 0.000000 0.000000 0.000000
      vertex 53.645446 11.847814 0.000000
      vertex 53.970274 11.333578 0.000000
    endloop
  endfacet
  facet normal 0.000000 0.000000 -1.000000
    outer loop
      vertex 0.000000 0.000000 0.000000
      vertex 53.296369 12.344040 0.000000
      vertex 53.645446 11.847814 0.000000
    endloop
  endfacet
  facet normal 0.000000 0.000000 -1.000000
    outer loop
      vertex 0.000000 0.000000 0.000000
      vertex 52.922991 12.823404 0.000000
      vertex 53.296369 12.344040 0.000000
    endloop
  endfacet
  facet normal 0.000000 0.000000 -1.000000
    outer loop
      vertex 0.000000 0.000000 0.000000
      vertex 52.525257 13.286872 0.000000
      vertex 52.922991 12.823404 0.000000
    endloop
  endfacet
  facet normal 0.000000 0.000000 -1.000000
    outer loop
      vertex 0.000000 0.000000 0.000000
      vertex 52.103102 13.735256 0.000000
      vertex 52.525257 13.286872 0.000000
    endloop
  endfacet
  facet normal 0.000000 0.000000 -1.000000
    outer loop
      vertex 0.000000 0.000000 0.000000
      vertex 51.656454 14.169249 0.000000
      vertex 52.103102 13.735256 0.000000
    endloop
  endfacet
  facet normal 0.000000 0.000000 -1.000000
    outer loop
      vertex 0.000000 0.000000 0.000000
      vertex 51.185231 14.589445 0.000000
      vertex 51.656454 14.169249 0.000000
    endloop
  endfacet
  facet normal 0.000000 0.000000 -1.000000
    outer loop
      vertex 0.000000 0.000000 0.000000
      vertex 50.689341 14.996355 0.000000
      vertex 51.185231 14.589445 0.000000
    endloop
  endfacet
  facet normal 0.000000 0.000000 -1.000000
    outer loop
      vertex 0.000000 0.000000 0.000000
      vertex 50.168678 15.390421 0.000000
      vertex 50.689341 14.996355 0.000000
    endloop
  endfacet
  facet normal 0.000000 0.000000 -1.000000
    outer loop
      vertex 0.000000 0.000000 0.000000
      vertex 49.623124 15.772028 0.000000
      vertex 50.168678 15.390421 0.000000
    endloop
  endfacet
  facet normal 0.000000 0.000000 -1.000000
    outer loop
      vertex 0.000000 0.000000 0.000000
      vertex 49.052546 16.141511 0.000000
      vertex 49.623124 15.772028 0.000000
    endloop
  endfacet
  facet normal 0.000000 0.000000 -1.000000
    outer loop
      vertex 0.000000 0.000000 0.000000
      vertex 48.456795 16.499165 0.000000
      vertex 49.052546 16.141511 0.000000
    endloop
  endfacet
  facet normal 0.000000 0.000000 -1.000000
    outer loop
      vertex 0.000000 0.000000 0.000000
      vertex 47.835702 16.845247 0.000000
      vertex 48.456795 16.499165 0.000000
    endloop
  endfacet
  facet normal 0.000000 0.000000 -1.000000
    outer loop
      vertex 0.000000 0.000000 0.000000
      vertex 47.189076 17.179985 0.000000
      vertex 47.835702 16.845247 0.000000
    endloop
  endfacet
  facet normal 0.000000 0.000000 -1.000000
    outer loop
      vertex 0.000000 0.000000 0.000000
      vertex 46.516704 17.503578 0.000000
      vertex 47.189076 17.179985 0.000000
    endloop
  endfacet
  facet normal 0.000000 0.000000 -1.000000
    outer loop
      vertex 0.000000 0.000000 0.000000
      vertex 45.818346 17.816203 0.000000
      vertex 46.516704 17.503578 0.000000
    endloop
  endfacet
  facet normal 0.000000 0.000000 -1.000000
    outer loop
      vertex 0.000000 0.000000 0.000000
      vertex 45.093729 18.118016 0.000000
      vertex 45.818346 17.816203 0.000000
    endloop
  endfacet
  facet normal 0.000000 0.000000 -1.000000
    outer loop
      vertex 0.000000 0.000000 0.000000
      vertex 44.342549 18.409157 0.000000
      vertex 45.093729 18.118016 0.000000
    endloop
  endfacet
  facet normal 0.000000 0.000000 -1.000000
    outer loop
      vertex 0.000000 0.000000 0.000000
      vertex 43.564460 18.689747 0.000000
      vertex 44.342549 18.409157 0.000000
    endloop
  endfacet
  facet normal 0.000000 0.000000 -1.000000
    outer loop
      vertex 0.000000 0.000000 0.000000
      vertex 42.759074 18.959897 0.000000
      vertex 43.564460 18.689747 0.000000
    endloop
  endfacet
  facet normal 0.000000 0.000000 -1.000000
    outer loop
      vertex 0.000000 0.000000 0.000000
      vertex 41.925949 19.219702 0.000000
      vertex 42.759074 18.959897 0.000000
    endloop
  endfacet
  facet normal 0.000000 0.000000 -1.000000
    outer loop
      vertex 0.000000 0.000000 0.000000
      vertex 41.064589 19.469248 0.000000
      vertex 41.925949 19.219702 0.000000
    endloop
  endfacet
  facet normal 0.000000 0.000000 -1.000000
    outer loop
      vertex 0.000000 0.000000 0.000000
      vertex 40.174428 19.708612 0.000000
      vertex 41.064589 19.469248 0.000000
    endloop
  endfacet
  facet normal 0.000000 0.000000 -1.000000
    outer loop
      vertex 0.000000 0.000000 0.000000
      vertex 39.254825 19.937862 0.000000
      vertex 40.174428 19.708612 0.000000
    endloop
  endfacet
  facet normal 0.000000 0.000000 -1.000000
    outer loop
      vertex 0.000000 0.000000 0.000000
      vertex 38.305047 20.157058 0.000000
      vertex 39.254825 19.937862 0.000000
    endloop
  endfacet
  facet normal 0.000000 0.000000 -1.000000
    outer loop
      vertex 0.000000 0.000000 0.000000
      vertex 37.324261 20.366253 0.000000
      vertex 38.305047 20.157058 0.000000
    endloop
  endfacet
  facet normal 0.000000 0.000000 -1.000000
    outer loop
      vertex 0.000000 0.000000 0.000000
      vertex 36.311508 20.565495 0.000000
      vertex 37.324261 20.366253 0.000000
    endloop
  endfacet
  facet normal 0.000000 0.000000 -1.000000
    outer loop
      vertex 0.000000 0.000000 0.000000
      vertex 35.265686 20.754825 0.000000
      vertex 36.311508 20.565495 0.000000
    endloop
  endfacet
  facet normal 0.000000 0.000000 -1.000000
    outer loop
      vertex 0.000000 0.000000 0.000000
      vertex 34.185525 20.934282 0.000000
      vertex 35.265686 20.754825 0.000000
    endloop
  endfacet
  facet normal 0.000000 0.000000 -1.000000
    outer loop
      vertex 0.000000 0.000000 0.000000
      vertex 33.069547 21.103898 0.000000
      vertex 34.185525 20.934282 0.000000
    endloop
  endfacet
  facet normal 0.000000 0.000000 -1.000000
    outer loop
      vertex 0.000000 0.000000 0.000000
      vertex 31.916028 21.263702 0.000000
      vertex 33.069547 21.103898 0.000000
    endloop
  endfacet
  facet normal 0.000000 0.000000 -1.000000
    outer loop
      vertex 0.000000 0.000000 0.000000
      vertex 30.722943 21.413719 0.000000
      vertex 31.916028 21.263702 0.000000
    endloop
  endfacet
  facet normal 0.000000 0.000000 -1.000000
    outer loop
      vertex 0.000000 0.000000 0.000000
      vertex 29.487894 21.553974 0.000000
      vertex 30.722943 21.413719 0.000000
    endloop
  endfacet
  facet normal 0.000000 0.000000 -1.000000
    outer loop
      vertex 0.000000 0.000000 0.000000
      vertex 28.208017 21.684485 0.000000
      vertex 29.487894 21.553974 0.000000
    endloop
  endfacet
  facet normal 0.000000 0.000000 -1.000000
    outer loop
      vertex 0.000000 0.000000 0.000000
      vertex 26.879860 21.805270 0.000000
      vertex 28.208017 21.684485 0.000000
    endloop
  endfacet
  facet normal 0.000000 0.000000 -1.000000
    outer loop
      vertex 0.000000 0.000000 0.000000
      vertex 25.499206 21.916345 0.000000
      vertex 26.879860 21.805270 0.000000
    endloop
  endfacet
  facet normal 0.000000 0.000000 -1.000000
    outer loop
      vertex 0.000000 0.000000 0.000000
      vertex 24.060834 22.017722 0.000000
      vertex 25.499206 21.916345 0.000000
    endloop
  endfacet
  facet normal 0.000000 0.000000 -1.000000
    outer loop
      vertex 0.000000 0.000000 0.000000
      vertex 22.558167 22.109413 0.000000
      vertex 24.060834 22.017722 0.000000
    endloop
  endfacet
  facet normal 0.000000 0.000000 -1.000000
    outer loop
      vertex 0.000000 0.000000 0.000000
      vertex 20.982747 22.191429 0.000000
      vertex 22.558167 22.109413 0.000000
    endloop
  endfacet
  facet normal 0.000000 0.000000 -1.000000
    outer loop
      vertex 0.000000 0.000000 0.000000
      vertex 19.323406 22.263777 0.000000
      vertex 20.982747 22.191429 0.000000
    endloop
  endfacet
  facet normal 0.000000 0.000000 -1.000000
    outer loop
      vertex 0.000000 0.000000 0.000000
      vertex 17.564905 22.326465 0.000000
      vertex 19.323406 22.263777 0.000000
    endloop
  endfacet
  facet normal 0.000000 0.000000 -1.000000
    outer loop
      vertex 0.000000 0.000000 0.000000
      vertex 15.685525 22.379500 0.000000
      vertex 17.564905 22.326465 0.000000
    endloop
  endfacet
  facet normal 0.000000 0.000000 -1.000000
    outer loop
      vertex 0.000000 0.000000 0.000000
      vertex 13.652420 22.422885 0.000000
      vertex 15.685525 22.379500 0.000000
    endloop
  endfacet
  facet normal 0.000000 0.000000 -1.000000
    outer loop
      vertex 0.000000 0.000000 0.000000
      vertex 11.411430 22.456625 0.000000
      vertex 13.652420 22.422885 0.000000
    endloop
  endfacet
  facet normal 0.000000 0.000000 -1.000000
    outer loop
      vertex 0.000000 0.000000 0.000000
      vertex 8.860090 22.480723 0.000000
      vertex 11.411430 22.456625 0.000000
    endloop
  endfacet
  facet normal 0.000000 0.000000 -1.000000
    outer loop
      vertex 0.000000 0.000000 0.000000
      vertex 5.746288 22.495181 0.000000
      vertex 8.860090 22.480723 0.000000
    endloop
  endfacet
  facet normal 0.000000 0.000000 -1.000000
    outer loop
      vertex 0.000000 0.000000 0.000000
      vertex 0.000000 22.500000 0.000000
      vertex 5.746288 22.495181 0.000000
    endloop
  endfacet
  facet normal 0.000000 0.000000 -1.000000
    outer loop
      vertex 0.000000 0.000000 0.000000
      vertex -5.746288 22.495181 0.000000
      vertex 0.000000 22.500000 0.000000
    endloop
  endfacet
  facet normal 0.000000 0.000000 -1.000000
    outer loop
      vertex 0.000000 0.000000 0.000000
      vertex -8.860090 22.480723 0.000000
      vertex -5.746288 22.495181 0.000000
    endloop
  endfacet
  facet normal 0.000000 0.000000 -1.000000
    outer loop
      vertex 0.000000 0.000000 0.000000
      vertex -11.411430 22.456625 0.000000
      vertex -8.860090 22.480723 0.000000
    endloop
  endfacet
  facet normal 0.000000 0.000000 -1.000000
    outer loop
      vertex 0.000000 0.000000 0.000000
      vertex -13.652420 22.422885 0.000000
      vertex -11.411430 22.456625 0.000000
    endloop
  endfacet
  facet normal 0.000000 0.000000 -1.000000
    outer loop
      vertex 0.000000 0.000000 0.000000
      vertex -15.685525 22.379500 0.000000
      vertex -13.652420 22.422885 0.000000
    endloop
  endfacet
  facet normal 0.000000 0.000000 -1.000000
    outer loop
      vertex 0.000000 0.000000 0.000000
      vertex -17.564905 22.326465 0.000000
      vertex -15.685525 22.379500 0.000000
    endloop
  endfacet
  facet normal 0.000000 0.000000 -1.000000
    outer loop
      vertex 0.000000 0.000000 0.000000
      vertex -19.323406 22.263777 0.000000
      vertex -17.564905 22.326465 0.000000
    endloop
  endfacet
  facet normal 0.000000 0.000000 -1.000000
    outer loop
      vertex 0.000000 0.000000 0.000000
      vertex -20.982747 22.191429 0.000000
      vertex -19.323406 22.263777 0.000000
    endloop
  endfacet
  facet normal 0.000000 0.000000 -1.000000
    outer loop
      vertex 0.000000 0.000000 0.000000
      vertex -22.558167 22.109413 0.000000
      vertex -20.982747 22.191429 0.000000
    endloop
  endfacet
  facet normal 0.000000 0.000000 -1.000000
    outer loop
      vertex 0.000000 0.000000 0.000000
      vertex -24.060834 22.017722 0.000000
      vertex -22.558167 22.109413 0.000000
    endloop
  endfacet
  facet normal 0.000000 0.000000 -1.000000
    outer loop
      vertex 0.000000 0.000000 0.000000
      vertex -25.499206 21.916345 0.000000
      vertex -24.060834 22.017722 0.000000
    endloop
  endfacet
  facet normal 0.000000 0.000000 -1.000000
    outer loop
      vertex 0.000000 0.000000 0.000000
      vertex -26.879860 21.805270 0.000000
      vertex -25.499206 21.916345 0.000000
    endloop
  endfacet
  facet normal 0.000000 0.000000 -1.000000
    outer loop
      vertex 0.000000 0.000000 0.000000
      vertex -28.208017 21.684485 0.000000
      vertex -26.879860 21.805270 0.000000
    endloop
  endfacet
  facet normal 0.000000 0.000000 -1.000000
    outer loop
      vertex 0.000000 0.000000 0.000000
      vertex -29.487894 21.553974 0.000000
      vertex -28.208017 21.684485 0.000000
    endloop
  endfacet
  facet normal 0.000000 0.000000 -1.000000
    outer loop
      vertex 0.000000 0.000000 0.000000
      vertex -30.722943 21.413719 0.000000
      vertex -29.487894 21.553974 0.000000
    endloop
  endfacet
  facet normal 0.000000 0.000000 -1.000000
    outer loop
      vertex 0.000000 0.000000 0.000000
      vertex -31.916028 21.263702 0.000000
      vertex -30.722943 21.413719 0.000000
    endloop
  endfacet
  facet normal 0.000000 0.000000 -1.000000
    outer loop
      vertex 0.000000 0.000000 0.000000
      vertex -33.069547 21.103898 0.000000
      vertex -31.916028 21.263702 0.000000
    endloop
  endfacet
  facet normal 0.000000 0.000000 -1.000000
    outer loop
      vertex 0.000000 0.000000 0.000000
      vertex -34.185525 20.934282 0.000000
      vertex -33.069547 21.103898 0.000000
    endloop
  endfacet
  facet normal 0.000000 0.000000 -1.000000
    outer loop
      vertex 0.000000 0.000000 0.000000
      vertex -35.265686 20.754825 0.000000
      vertex -34.185525 20.934282 0.000000
    endloop
  endfacet
  facet normal 0.000000 0.000000 -1.000000
    outer loop
      vertex 0.000000 0.000000 0.000000
      vertex -36.311508 20.565495 0.000000
      vertex -35.265686 20.754825 0.000000
    endloop
  endfacet
  facet normal 0.000000 0.000000 -1.000000
    outer loop
      vertex 0.000000 0.000000 0.000000
      vertex -37.324261 20.366253 0.000000
      vertex -36.311508 20.565495 0.000000
    endloop
  endfacet
  facet normal 0.000000 0.000000 -1.000000
    outer loop
      vertex 0.000000 0.000000 0.000000
      vertex -38.305047 20.157058 0.000000
      vertex -37.324261 20.366253 0.000000
    endloop
  endfacet
  facet normal 0.000000 0.000000 -1.000000
    outer loop
      vertex 0.000000 0.000000 0.000000
      vertex -39.254825 19.937862 0.000000
      vertex -38.305047 20.157058 0.000000
    endloop
  endfacet
  facet normal 0.000000 0.000000 -1.000000
    outer loop
      vertex 0.000000 0.000000 0.000000
      vertex -40.174428 19.708612 0.000000
      vertex -39.254825 19.937862 0.000000
    endloop
  endfacet
  facet normal 0.000000 0.000000 -1.000000
    outer loop
      vertex 0.000000 0.000000 0.000000
      vertex -41.064589 19.469248 0.000000
      vertex -40.174428 19.708612 0.000000
    endloop
  endfacet
  facet normal 0.000000 0.000000 -1.000000
    outer loop
      vertex 0.000000 0.000000 0.000000
      vertex -41.925949 19.219702 0.000000
      vertex -41.064589 19.469248 0.000000
    endloop
  endfacet
  facet normal 0.000000 0.000000 -1.000000
    outer loop
      vertex 0.000000 0.000000 0.000000
      vertex -42.759074 18.959897 0.000000
      vertex -41.925949 19.219702 0.000000
    endloop
  endfacet
  facet normal 0.000000 0.000000 -1.000000
    outer loop
      vertex 0.000000 0.000000 0.000000
      vertex -43.564460 18.689747 0.000000
      vertex -42.759074 18.959897 0.000000
    endloop
  endfacet
  facet normal 0.000000 0.000000 -1.000000
    outer loop
      vertex 0.000000 0.000000 0.000000
      vertex -44.342549 18.409157 0.000000
      vertex -43.564460 18.689747 0.000000
    endloop
  endfacet
  facet normal 0.000000 0.000000 -1.000000
    outer loop
      vertex 0.000000 0.000000 0.000000
      vertex -45.093729 18.118016 0.000000
      vertex -44.342549 18.409157 0.000000
    endloop
  endfacet
  facet normal 0.000000 0.000000 -1.000000
    outer loop
      vertex 0.000000 0.000000 0.000000
      vertex -45.818346 17.816203 0.000000
      vertex -45.093729 18.118016 0.000000
    endloop
  endfacet
  facet normal 0.000000 0.000000 -1.000000
    outer loop
      vertex 0.000000 0.000000 0.000000
      vertex -46.516704 17.503578 0.000000
      vertex -45.818346 17.816203 0.000000
    endloop
  endfacet
  facet normal 0.000000 0.000000 -1.000000
    outer loop
      vertex 0.000000 0.000000 0.000000
      vertex -47.189076 17.179985 0.000000
      vertex -46.516704 17.503578 0.000000
    endloop
  endfacet
  facet normal 0.000000 0.000000 -1.000000
    outer loop
      vertex 0.000000 0.000000 0.000000
      vertex -47.835702 16.845247 0.000000
      vertex -47.189076 17.179985 0.000000
    endloop
  endfacet
  facet normal 0.000000 0.000000 -1.000000
    outer loop
      vertex 0.000000 0.000000 0.000000
      vertex -48.456795 16.499165 0.000000
      vertex -47.835702 16.845247 0.000000
    endloop
  endfacet
  facet normal 0.000000 0.000000 -1.000000
    outer loop
      vertex 0.000000 0.000000 0.000000
      vertex -49.052546 16.141511 0.000000
      vertex -48.456795 16.499165 0.000000
    endloop
  endfacet
  facet normal 0.000000 0.000000 -1.000000
    outer loop
      vertex 0.000000 0.000000 0.000000
      vertex -49.623124 15.772028 0.000000
      vertex -49.052546 16.141511 0.000000
    endloop
  endfacet
  facet normal 0.000000 0.000000 -1.000000
    outer loop
      vertex 0.000000 0.000000 0.000000
      vertex -50.168678 15.390421 0.000000
      vertex -49.623124 15.772028 0.000000
    endloop
  endfacet
  facet normal 0.000000 0.000000 -1.000000
    outer loop
      vertex 0.000000 0.000000 0.000000
      vertex -50.689341 14.996355 0.000000
      vertex -50.168678 15.390421 0.000000
    endloop
  endfacet
  facet normal 0.000000 0.000000 -1.000000
    outer loop
      vertex 0.000000 0.000000 0.000000
      vertex -51.185231 14.589445 0.000000
      vertex -50.689341 14.996355 0.000000
    endloop
  endfacet
  facet normal 0.000000 0.000000 -1.000000
    outer loop
      vertex 0.000000 0.000000 0.000000
      vertex -51.656454 14.169249 0.000000
      vertex -51.185231 14.589445 0.000000
    endloop
  endfacet
  facet normal 0.000000 0.000000 -1.000000
    outer loop
      vertex 0.000000 0.000000 0.000000
      vertex -52.103102 13.735256 0.000000
      vertex -51.656454 14.169249 0.000000
    endloop
  endfacet
  facet normal 0.000000 0.000000 -1.000000
    outer loop
      vertex 0.000000 0.000000 0.000000
      vertex -52.525257 13.286872 0.000000
      vertex -52.103102 13.735256 0.000000
    endloop
  endfacet
  facet normal 0.000000 0.000000 -1.000000
    outer loop
      vertex 0.000000 0.000000 0.000000
      vertex -52.922991 12.823404 0.000000
      vertex -52.525257 13.286872 0.000000
    endloop
  endfacet
  facet normal 0.000000 0.000000 -1.000000
    outer loop
      vertex 0.000000 0.000000 0.000000
      vertex -53.296369 12.344040 0.000000
      vertex -52.922991 12.823404 0.000000
    endloop
  endfacet
  facet normal 0.000000 0.000000 -1.000000
    outer loop
      vertex 0.000000 0.000000 0.000000
      vertex -53.645446 11.847814 0.000000
      vertex -53.296369 12.344040 0.000000
    endloop
  endfacet
  facet normal 0.000000 0.000000 -1.000000
    outer loop
      vertex 0.000000 0.000000 0.000000
      vertex -53.970274 11.333578 0.000000
      vertex -53.645446 11.847814 0.000000
    endloop
  endfacet
  facet normal 0.000000 0.000000 -1.000000
    outer loop
      vertex 0.000000 0.000000 0.000000
      vertex -54.270895 10.799944 0.000000
      vertex -53.970274 11.333578 0.000000
    endloop
  endfacet
  facet normal 0.000000 0.000000 -1.000000
    outer loop
      vertex 0.000000 0.000000 0.000000
      vertex -54.547347 10.245217 0.000000
      vertex -54.270895 10.799944 0.000000
    endloop
  endfacet
  facet normal 0.000000 0.000000 -1.000000
    outer loop
      vertex 0.000000 0.000000 0.000000
      vertex -54.799663 9.667299 0.000000
      vertex -54.547347 10.245217 0.000000
    endloop
  endfacet
  facet normal 0.000000 0.000000 -1.000000
    outer loop
      vertex 0.000000 0.000000 0.000000
      vertex -55.027873 9.063549 0.000000
      vertex -54.799663 9.667299 0.000000
    endloop
  endfacet
  facet normal 0.000000 0.000000 -1.000000
    outer loop
      vertex 0.000000 0.000000 0.000000
      vertex -55.232000 8.430568 0.000000
      vertex -55.027873 9.063549 0.000000
    endloop
  endfacet
  facet normal 0.000000 0.000000 -1.000000
    outer loop
      vertex 0.000000 0.000000 0.000000
      vertex -55.412067 7.763868 0.000000
      vertex -55.232000 8.430568 0.000000
    endloop
  endfacet
  facet normal 0.000000 0.000000 -1.000000
    outer loop
      vertex 0.000000 0.000000 0.000000
      vertex -55.568092 7.057328 0.000000
      vertex -55.412067 7.763868 0.000000
    endloop
  endfacet
  facet normal 0.000000 0.000000 -1.000000
    outer loop
      vertex 0.000000 0.000000 0.000000
      vertex -55.700088 6.302220 0.000000
      vertex -55.568092 7.057328 0.000000
    endloop
  endfacet
  facet normal 0.000000 0.000000 -1.000000
    outer loop
      vertex 0.000000 0.000000 0.000000
      vertex -55.808069 5.485347 0.000000
      vertex -55.700088 6.302220 0.000000
    endloop
  endfacet
  facet normal 0.000000 0.000000 -1.000000
    outer loop
      vertex 0.000000 0.000000 0.000000
      vertex -55.892044 4.584950 0.000000
      vertex -55.808069 5.485347 0.000000
    endloop
  endfacet
  facet normal 0.000000 0.000000 -1.000000
    outer loop
      vertex 0.000000 0.000000 0.000000
      vertex -55.952021 3.559858 0.000000
      vertex -55.892044 4.584950 0.000000
    endloop
  endfacet
  facet normal 0.000000 0.000000 -1.000000
    outer loop
      vertex 0.000000 0.000000 0.000000
      vertex -55.988006 2.308777 0.000000
      vertex -55.952021 3.559858 0.000000
    endloop
  endfacet
  facet normal 0.000000 0.000000 -1.000000
    outer loop
      vertex 0.000000 0.000000 0.000000
      vertex -56.000000 0.000000 0.000000
      vertex -55.988006 2.308777 0.000000
    endloop
  endfacet
  facet normal -0.000000 0.000000 -1.000000
    outer loop
      vertex 0.000000 0.000000 0.000000
      vertex -55.988006 -2.308777 0.000000
      vertex -56.000000 0.000000 0.000000
    endloop
  endfacet
  facet normal 0.000000 0.000000 -1.000000
    outer loop
      vertex 0.000000 0.000000 0.000000
      vertex -55.952021 -3.559858 0.000000
      vertex -55.988006 -2.308777 0.000000
    endloop
  endfacet
  facet normal 0.000000 0.000000 -1.000000
    outer loop
      vertex 0.000000 0.000000 0.000000
      vertex -55.892044 -4.584950 0.000000
      vertex -55.952021 -3.559858 0.000000
    endloop
  endfacet
  facet normal 0.000000 0.000000 -1.000000
    outer loop
      vertex 0.000000 0.000000 0.000000
      vertex -55.808069 -5.485347 0.000000
      vertex -55.892044 -4.584950 0.000000
    endloop
  endfacet
  facet normal 0.000000 0.000000 -1.000000
    outer loop
      vertex 0.000000 0.000000 0.000000
      vertex -55.700088 -6.302220 0.000000
      vertex -55.808069 -5.485347 0.000000
    endloop
  endfacet
  facet normal 0.000000 0.000000 -1.000000
    outer loop
      vertex 0.000000 0.000000 0.000000
      vertex -55.568092 -7.057328 0.000000
      vertex -55.700088 -6.302220 0.000000
    endloop
  endfacet
  facet normal 0.000000 0.000000 -1.000000
    outer loop
      vertex 0.000000 0.000000 0.000000
      vertex -55.412067 -7.763868 0.000000
      vertex -55.568092 -7.057328 0.000000
    endloop
  endfacet
  facet normal 0.000000 0.000000 -1.000000
    outer loop
      vertex 0.000000 0.000000 0.000000
      vertex -55.232000 -8.430568 0.000000
      vertex -55.412067 -7.763868 0.000000
    endloop
  endfacet
  facet normal 0.000000 0.000000 -1.000000
    outer loop
      vertex 0.000000 0.000000 0.000000
      vertex -55.027873 -9.063549 0.000000
      vertex -55.232000 -8.430568 0.000000
    endloop
  endfacet
  facet normal 0.000000 0.000000 -1.000000
    outer loop
      vertex 0.000000 0.000000 0.000000
      vertex -54.799663 -9.667299 0.000000
      vertex -55.027873 -9.063549 0.000000
    endloop
  endfacet
  facet normal 0.000000 0.000000 -1.000000
    outer loop
      vertex 0.000000 0.000000 0.000000
      vertex -54.547347 -10.245217 0.000000
      vertex -54.799663 -9.667299 0.000000
    endloop
  endfacet
  facet normal 0.000000 0.000000 -1.000000
    outer loop
      vertex 0.000000 0.000000 0.000000
      vertex -54.270895 -10.799944 0.000000
      vertex -54.547347 -10.245217 0.000000
    endloop
  endfacet
  facet normal 0.000000 0.000000 -1.000000
    outer loop
      vertex 0.000000 0.000000 0.000000
      vertex -53.970274 -11.333578 0.000000
      vertex -54.270895 -10.799944 0.000000
    endloop
  endfacet
  facet normal 0.000000 0.000000 -1.000000
    outer loop
      vertex 0.000000 0.000000 0.000000
      vertex -53.645446 -11.847814 0.000000
      vertex -53.970274 -11.333578 0.000000
    endloop
  endfacet
  facet normal 0.000000 0.000000 -1.000000
    outer loop
      vertex 0.000000 0.000000 0.000000
      vertex -53.296369 -12.344040 0.000000
      vertex -53.645446 -11.847814 0.000000
    endloop
  endfacet
  facet normal 0.000000 0.000000 -1.000000
    outer loop
      vertex 0.000000 0.000000 0.000000
      vertex -52.922991 -12.823404 0.000000
      vertex -53.296369 -12.344040 0.000000
    endloop
  endfacet
  facet normal 0.000000 0.000000 -1.000000
    outer loop
      vertex 0.000000 0.000000 0.000000
      vertex -52.525257 -13.286872 0.000000
      vertex -52.922991 -12.823404 0.000000
    endloop
  endfacet
  facet normal 0.000000 0.000000 -1.000000
    outer loop
      vertex 0.000000 0.000000 0.000000
      vertex -52.103102 -13.735256 0.000000
      vertex -52.525257 -13.286872 0.000000
    endloop
  endfacet
  facet normal 0.000000 0.000000 -1.000000
    outer loop
      vertex 0.000000 0.000000 0.000000
      vertex -51.656454 -14.169249 0.000000
      vertex -52.103102 -13.735256 0.000000
    endloop
  endfacet
  facet normal 0.000000 0.000000 -1.000000
    outer loop
      vertex 0.000000 0.000000 0.000000
      vertex -51.185231 -14.589445 0.000000
      vertex -51.656454 -14.169249 0.000000
    endloop
  endfacet
  facet normal 0.000000 0.000000 -1.000000
    outer loop
      vertex 0.000000 0.000000 0.000000
      vertex -50.689341 -14.996355 0.000000
      vertex -51.185231 -14.589445 0.000000
    endloop
  endfacet
  facet normal 0.000000 0.000000 -1.000000
    outer loop
      vertex 0.000000 0.000000 0.000000
      vertex -50.168678 -15.390421 0.000000
      vertex -50.689341 -14.996355 0.000000
    endloop
  endfacet
  facet normal 0.000000 0.000000 -1.000000
    outer loop
      vertex 0.000000 0.000000 0.000000
      vertex -49.623124 -15.772028 0.000000
      vertex -50.168678 -15.390421 0.000000
    endloop
  endfacet
  facet normal 0.000000 0.000000 -1.000000
    outer loop
      vertex 0.000000 0.000000 0.000000
      vertex -49.052546 -16.141511 0.000000
      vertex -49.623124 -15.772028 0.000000
    endloop
  endfacet
  facet normal 0.000000 0.000000 -1.000000
    outer loop
      vertex 0.000000 0.000000 0.000000
      vertex -48.456795 -16.499165 0.000000
      vertex -49.052546 -16.141511 0.000000
    endloop
  endfacet
  facet normal 0.000000 0.000000 -1.000000
    outer loop
      vertex 0.000000 0.000000 0.000000
      vertex -47.835702 -16.845247 0.000000
      vertex -48.456795 -16.499165 0.000000
    endloop
  endfacet
  facet normal 0.000000 0.000000 -1.000000
    outer loop
      vertex 0.000000 0.000000 0.000000
      vertex -47.189076 -17.179985 0.000000
      vertex -47.835702 -16.845247 0.000000
    endloop
  endfacet
  facet normal 0.000000 0.000000 -1.000000
    outer loop
      vertex 0.000000 0.000000 0.000000
      vertex -46.516704 -17.503578 0.000000
      vertex -47.189076 -17.179985 0.000000
    endloop
  endfacet
  facet normal 0.000000 0.000000 -1.000000
    outer loop
      vertex 0.000000 0.000000 0.000000
      vertex -45.818346 -17.816203 0.000000
      vertex -46.516704 -17.503578 0.000000
    endloop
  endfacet
  facet normal 0.000000 0.000000 -1.000000
    outer loop
      vertex 0.000000 0.000000 0.000000
      vertex -45.093729 -18.118016 0.000000
      vertex -45.818346 -17.816203 0.000000
    endloop
  endfacet
  facet normal 0.000000 0.000000 -1.000000
    outer loop
      vertex 0.000000 0.000000 0.000000
      vertex -44.342549 -18.409157 0.000000
      vertex -45.093729 -18.118016 0.000000
    endloop
  endfacet
  facet normal 0.000000 0.000000 -1.000000
    outer loop
      vertex 0.000000 0.000000 0.000000
      vertex -43.564460 -18.689747 0.000000
      vertex -44.342549 -18.409157 0.000000
    endloop
  endfacet
  facet normal 0.000000 0.000000 -1.000000
    outer loop
      vertex 0.000000 0.000000 0.000000
      vertex -42.759074 -18.959897 0.000000
      vertex -43.564460 -18.689747 0.000000
    endloop
  endfacet
  facet normal 0.000000 0.000000 -1.000000
    outer loop
      vertex 0.000000 0.000000 0.000000
      vertex -41.925949 -19.219702 0.000000
      vertex -42.759074 -18.959897 0.000000
    endloop
  endfacet
  facet normal 0.000000 0.000000 -1.000000
    outer loop
      vertex 0.000000 0.000000 0.000000
      vertex -41.064589 -19.469248 0.000000
      vertex -41.925949 -19.219702 0.000000
    endloop
  endfacet
  facet normal 0.000000 0.000000 -1.000000
    outer loop
      vertex 0.000000 0.000000 0.000000
      vertex -40.174428 -19.708612 0.000000
      vertex -41.064589 -19.469248 0.000000
    endloop
  endfacet
  facet normal 0.000000 0.000000 -1.000000
    outer loop
      vertex 0.000000 0.000000 0.000000
      vertex -39.254825 -19.937862 0.000000
      vertex -40.174428 -19.708612 0.000000
    endloop
  endfacet
  facet normal 0.000000 0.000000 -1.000000
    outer loop
      vertex 0.000000 0.000000 0.000000
      vertex -38.305047 -20.157058 0.000000
      vertex -39.254825 -19.937862 0.000000
    endloop
  endfacet
  facet normal 0.000000 0.000000 -1.000000
    outer loop
      vertex 0.000000 0.000000 0.000000
      vertex -37.324261 -20.366253 0.000000
      vertex -38.305047 -20.157058 0.000000
    endloop
  endfacet
  facet normal 0.000000 0.000000 -1.000000
    outer loop
      vertex 0.000000 0.000000 0.000000
      vertex -36.311508 -20.565495 0.000000
      vertex -37.324261 -20.366253 0.000000
    endloop
  endfacet
  facet normal 0.000000 0.000000 -1.000000
    outer loop
      vertex 0.000000 0.000000 0.000000
      vertex -35.265686 -20.754825 0.000000
      vertex -36.311508 -20.565495 0.000000
    endloop
  endfacet
  facet normal 0.000000 0.000000 -1.000000
    outer loop
      vertex 0.000000 0.000000 0.000000
      vertex -34.185525 -20.934282 0.000000
      vertex -35.265686 -20.754825 0.000000
    endloop
  endfacet
  facet normal 0.000000 0.000000 -1.000000
    outer loop
      vertex 0.000000 0.000000 0.000000
      vertex -33.069547 -21.103898 0.000000
      vertex -34.185525 -20.934282 0.000000
    endloop
  endfacet
  facet normal 0.000000 0.000000 -1.000000
    outer loop
      vertex 0.000000 0.000000 0.000000
      vertex -31.916028 -21.263702 0.000000
      vertex -33.069547 -21.103898 0.000000
    endloop
  endfacet
  facet normal 0.000000 0.000000 -1.000000
    outer loop
      vertex 0.000000 0.000000 0.000000
      vertex -30.722943 -21.413719 0.000000
      vertex -31.916028 -21.263702 0.000000
    endloop
  endfacet
  facet normal 0.000000 0.000000 -1.000000
    outer loop
      vertex 0.000000 0.000000 0.000000
      vertex -29.487894 -21.553974 0.000000
      vertex -30.722943 -21.413719 0.000000
    endloop
  endfacet
  facet normal 0.000000 0.000000 -1.000000
    outer loop
      vertex 0.000000 0.000000 0.000000
      vertex -28.208017 -21.684485 0.000000
      vertex -29.487894 -21.553974 0.000000
    endloop
  endfacet
  facet normal 0.000000 0.000000 -1.000000
    outer loop
      vertex 0.000000 0.000000 0.000000
      vertex -26.879860 -21.805270 0.000000
      vertex -28.208017 -21.684485 0.000000
    endloop
  endfacet
  facet normal 0.000000 0.000000 -1.000000
    outer loop
      vertex 0.000000 0.000000 0.000000
      vertex -25.499206 -21.916345 0.000000
      vertex -26.879860 -21.805270 0.000000
    endloop
  endfacet
  facet normal 0.000000 0.000000 -1.000000
    outer loop
      vertex 0.000000 0.000000 0.000000
      vertex -24.060834 -22.017722 0.000000
      vertex -25.499206 -21.916345 0.000000
    endloop
  endfacet
  facet normal 0.000000 0.000000 -1.000000
    outer loop
      vertex 0.000000 0.000000 0.000000
      vertex -22.558167 -22.109413 0.000000
      vertex -24.060834 -22.017722 0.000000
    endloop
  endfacet
  facet normal 0.000000 0.000000 -1.000000
    outer loop
      vertex 0.000000 0.000000 0.000000
      vertex -20.982747 -22.191429 0.000000
      vertex -22.558167 -22.109413 0.000000
    endloop
  endfacet
  facet normal 0.000000 0.000000 -1.000000
    outer loop
      vertex 0.000000 0.000000 0.000000
      vertex -19.323406 -22.263777 0.000000
      vertex -20.982747 -22.191429 0.000000
    endloop
  endfacet
  facet normal 0.000000 0.000000 -1.000000
    outer loop
      vertex 0.000000 0.000000 0.000000
      vertex -17.564905 -22.326465 0.000000
      vertex -19.323406 -22.263777 0.000000
    endloop
  endfacet
  facet normal 0.000000 0.000000 -1.000000
    outer loop
      vertex 0.000000 0.000000 0.000000
      vertex -15.685525 -22.379500 0.000000
      vertex -17.564905 -22.326465 0.000000
    endloop
  endfacet
  facet normal 0.000000 0.000000 -1.000000
    outer loop
      vertex 0.000000 0.000000 0.000000
      vertex -13.652420 -22.422885 0.000000
      vertex -15.685525 -22.379500 0.000000
    endloop
  endfacet
  facet normal 0.000000 0.000000 -1.000000
    outer loop
      vertex 0.000000 0.000000 0.000000
      vertex -11.411430 -22.456625 0.000000
      vertex -13.652420 -22.422885 0.000000
    endloop
  endfacet
  facet normal 0.000000 0.000000 -1.000000
    outer loop
      vertex 0.000000 0.000000 0.000000
      vertex -8.860090 -22.480723 0.000000
      vertex -11.411430 -22.456625 0.000000
    endloop
  endfacet
  facet normal 0.000000 0.000000 -1.000000
    outer loop
      vertex 0.000000 0.000000 0.000000
      vertex -5.746288 -22.495181 0.000000
      vertex -8.860090 -22.480723 0.000000
    endloop
  endfacet
  facet normal 0.000000 0.000000 -1.000000
    outer loop
      vertex 0.000000 0.000000 0.000000
      vertex -0.000000 -22.500000 0.000000
      vertex -5.746288 -22.495181 0.000000
    endloop
  endfacet
  facet normal 0.000000 -0.000000 -1.000000
    outer loop
      vertex 0.000000 0.000000 0.000000
      vertex 5.746288 -22.495181 0.000000
      vertex -0.000000 -22.500000 0.000000
    endloop
  endfacet
  facet normal 0.000000 0.000000 -1.000000
    outer loop
      vertex 0.000000 0.000000 0.000000
      vertex 8.860090 -22.480723 0.000000
      vertex 5.746288 -22.495181 0.000000
    endloop
  endfacet
  facet normal 0.000000 0.000000 -1.000000
    outer loop
      vertex 0.000000 0.000000 0.000000
      vertex 11.411430 -22.456625 0.000000
      vertex 8.860090 -22.480723 0.000000
    endloop
  endfacet
  facet normal 0.000000 0.000000 -1.000000
    outer loop
      vertex 0.000000 0.000000 0.000000
      vertex 13.652420 -22.422885 0.000000
      vertex 11.411430 -22.456625 0.000000
    endloop
  endfacet
  facet normal 0.000000 0.000000 -1.000000
    outer loop
      vertex 0.000000 0.000000 0.000000
      vertex 15.685525 -22.379500 0.000000
      vertex 13.652420 -22.422885 0.000000
    endloop
  endfacet
  facet normal 0.000000 0.000000 -1.000000
    outer loop
      vertex 0.000000 0.000000 0.000000
      vertex 17.564905 -22.326465 0.000000
      vertex 15.685525 -22.379500 0.000000
    endloop
  endfacet
  facet normal 0.000000 0.000000 -1.000000
    outer loop
      vertex 0.000000 0.000000 0.000000
      vertex 19.323406 -22.263777 0.000000
      vertex 17.564905 -22.326465 0.000000
    endloop
  endfacet
  facet normal 0.000000 0.000000 -1.000000
    outer loop
      vertex 0.000000 0.000000 0.000000
      vertex 20.982747 -22.191429 0.000000
      vertex 19.323406 -22.263777 0.000000
    endloop
  endfacet
  facet normal 0.000000 0.000000 -1.000000
    outer loop
      vertex 0.000000 0.000000 0.000000
      vertex 22.558167 -22.109413 0.000000
      vertex 20.982747 -22.191429 0.000000
    endloop
  endfacet
  facet normal 0.000000 0.000000 -1.000000
    outer loop
      vertex 0.000000 0.000000 0.000000
      vertex 24.060834 -22.017722 0.000000
      vertex 22.558167 -22.109413 0.000000
    endloop
  endfacet
  facet normal 0.000000 0.000000 -1.000000
    outer loop
      vertex 0.000000 0.000000 0.000000
      vertex 25.499206 -21.916345 0.000000
      vertex 24.060834 -22.017722 0.000000
    endloop
  endfacet
  facet normal 0.000000 0.000000 -1.000000
    outer loop
      vertex 0.000000 0.000000 0.000000
      vertex 26.879860 -21.805270 0.000000
      vertex 25.499206 -21.916345 0.000000
    endloop
  endfacet
  facet normal 0.000000 0.000000 -1.000000
    outer loop
      vertex 0.000000 0.000000 0.000000
      vertex 28.208017 -21.684485 0.000000
      vertex 26.879860 -21.805270 0.000000
    endloop
  endfacet
  facet normal 0.000000 0.000000 -1.000000
    outer loop
      vertex 0.000000 0.000000 0.000000
      vertex 29.487894 -21.553974 0.000000
      vertex 28.208017 -21.684485 0.000000
    endloop
  endfacet
  facet normal 0.000000 0.000000 -1.000000
    outer loop
      vertex 0.000000 0.000000 0.000000
      vertex 30.722943 -21.413719 0.000000
      vertex 29.487894 -21.553974 0.000000
    endloop
  endfacet
  facet normal 0.000000 0.000000 -1.000000
    outer loop
      vertex 0.000000 0.000000 0.000000
      vertex 31.916028 -21.263702 0.000000
      vertex 30.722943 -21.413719 0.000000
    endloop
  endfacet
  facet normal 0.000000 0.000000 -1.000000
    outer loop
      vertex 0.000000 0.000000 0.000000
      vertex 33.069547 -21.103898 0.000000
      vertex 31.916028 -21.263702 0.000000
    endloop
  endfacet
  facet normal 0.000000 0.000000 -1.000000
    outer loop
      vertex 0.000000 0.000000 0.000000
      vertex 34.185525 -20.934282 0.000000
      vertex 33.069547 -21.103898 0.000000
    endloop
  endfacet
  facet normal 0.000000 0.000000 -1.000000
    outer loop
      vertex 0.000000 0.000000 0.000000
      vertex 35.265686 -20.754825 0.000000
      vertex 34.185525 -20.934282 0.000000
    endloop
  endfacet
  facet normal 0.000000 0.000000 -1.000000
    outer loop
      vertex 0.000000 0.000000 0.000000
      vertex 36.311508 -20.565495 0.000000
      vertex 35.265686 -20.754825 0.000000
    endloop
  endfacet
  facet normal 0.000000 0.000000 -1.000000
    outer loop
      vertex 0.000000 0.000000 0.000000
      vertex 37.324261 -20.366253 0.000000
      vertex 36.311508 -20.565495 0.000000
    endloop
  endfacet
  facet normal 0.000000 0.000000 -1.000000
    outer loop
      vertex 0.000000 0.000000 0.000000
      vertex 38.305047 -20.157058 0.000000
      vertex 37.324261 -20.366253 0.000000
    endloop
  endfacet
  facet normal 0.000000 0.000000 -1.000000
    outer loop
      vertex 0.000000 0.000000 0.000000
      vertex 39.254825 -19.937862 0.000000
      vertex 38.305047 -20.157058 0.000000
    endloop
  endfacet
  facet normal 0.000000 0.000000 -1.000000
    outer loop
      vertex 0.000000 0.000000 0.000000
      vertex 40.174428 -19.708612 0.000000
      vertex 39.254825 -19.937862 0.000000
    endloop
  endfacet
  facet normal 0.000000 0.000000 -1.000000
    outer loop
      vertex 0.000000 0.000000 0.000000
      vertex 41.064589 -19.469248 0.000000
      vertex 40.174428 -19.708612 0.000000
    endloop
  endfacet
  facet normal 0.000000 0.000000 -1.000000
    outer loop
      vertex 0.000000 0.000000 0.000000
      vertex 41.925949 -19.219702 0.000000
      vertex 41.064589 -19.469248 0.000000
    endloop
  endfacet
  facet normal 0.000000 0.000000 -1.000000
    outer loop
      vertex 0.000000 0.000000 0.000000
      vertex 42.759074 -18.959897 0.000000
      vertex 41.925949 -19.219702 0.000000
    endloop
  endfacet
  facet normal 0.000000 0.000000 -1.000000
    outer loop
      vertex 0.000000 0.000000 0.000000
      vertex 43.564460 -18.689747 0.000000
      vertex 42.759074 -18.959897 0.000000
    endloop
  endfacet
  facet normal 0.000000 0.000000 -1.000000
    outer loop
      vertex 0.000000 0.000000 0.000000
      vertex 44.342549 -18.409157 0.000000
      vertex 43.564460 -18.689747 0.000000
    endloop
  endfacet
  facet normal 0.000000 0.000000 -1.000000
    outer loop
      vertex 0.000000 0.000000 0.000000
      vertex 45.093729 -18.118016 0.000000
      vertex 44.342549 -18.409157 0.000000
    endloop
  endfacet
  facet normal 0.000000 0.000000 -1.000000
    outer loop
      vertex 0.000000 0.000000 0.000000
      vertex 45.818346 -17.816203 0.000000
      vertex 45.093729 -18.118016 0.000000
    endloop
  endfacet
  facet normal 0.000000 0.000000 -1.000000
    outer loop
      vertex 0.000000 0.000000 0.000000
      vertex 46.516704 -17.503578 0.000000
      vertex 45.818346 -17.816203 0.000000
    endloop
  endfacet
  facet normal 0.000000 0.000000 -1.000000
    outer loop
      vertex 0.000000 0.000000 0.000000
      vertex 47.189076 -17.179985 0.000000
      vertex 46.516704 -17.503578 0.000000
    endloop
  endfacet
  facet normal 0.000000 0.000000 -1.000000
    outer loop
      vertex 0.000000 0.000000 0.000000
      vertex 47.835702 -16.845247 0.000000
      vertex 47.189076 -17.179985 0.000000
    endloop
  endfacet
  facet normal 0.000000 0.000000 -1.000000
    outer loop
      vertex 0.000000 0.000000 0.000000
      vertex 48.456795 -16.499165 0.000000
      vertex 47.835702 -16.845247 0.000000
    endloop
  endfacet
  facet normal 0.000000 0.000000 -1.000000
    outer loop
      vertex 0.000000 0.000000 0.000000
      vertex 49.052546 -16.141511 0.000000
      vertex 48.456795 -16.499165 0.000000
    endloop
  endfacet
  facet normal 0.000000 0.000000 -1.000000
    outer loop
      vertex 0.000000 0.000000 0.000000
      vertex 49.623124 -15.772028 0.000000
      vertex 49.052546 -16.141511 0.000000
    endloop
  endfacet
  facet normal 0.000000 0.000000 -1.000000
    outer loop
      vertex 0.000000 0.000000 0.000000
      vertex 50.168678 -15.390421 0.000000
      vertex 49.623124 -15.772028 0.000000
    endloop
  endfacet
  facet normal 0.000000 0.000000 -1.000000
    outer loop
      vertex 0.000000 0.000000 0.000000
      vertex 50.689341 -14.996355 0.000000
      vertex 50.168678 -15.390421 0.000000
    endloop
  endfacet
  facet normal 0.000000 0.000000 -1.000000
    outer loop
      vertex 0.000000 0.000000 0.000000
      vertex 51.185231 -14.589445 0.000000
      vertex 50.689341 -14.996355 0.000000
    endloop
  endfacet
  facet normal 0.000000 0.000000 -1.000000
    outer loop
      vertex 0.000000 0.000000 0.000000
      vertex 51.656454 -14.169249 0.000000
      vertex 51.185231 -14.589445 0.000000
    endloop
  endfacet
  facet normal 0.000000 0.000000 -1.000000
    outer loop
      vertex 0.000000 0.000000 0.000000
      vertex 52.103102 -13.735256 0.000000
      vertex 51.656454 -14.169249 0.000000
    endloop
  endfacet
  facet normal 0.000000 0.000000 -1.000000
    outer loop
      vertex 0.000000 0.000000 0.000000
      vertex 52.525257 -13.286872 0.000000
      vertex 52.103102 -13.735256 0.000000
    endloop
  endfacet
  facet normal 0.000000 0.000000 -1.000000
    outer loop
      vertex 0.000000 0.000000 0.000000
      vertex 52.922991 -12.823404 0.000000
      vertex 52.525257 -13.286872 0.000000
    endloop
  endfacet
  facet normal 0.000000 0.000000 -1.000000
    outer loop
      vertex 0.000000 0.000000 0.000000
      vertex 53.296369 -12.344040 0.000000
      vertex 52.922991 -12.823404 0.000000
    endloop
  endfacet
  facet normal 0.000000 0.000000 -1.000000
    outer loop
      vertex 0.000000 0.000000 0.000000
      vertex 53.645446 -11.847814 0.000000
      vertex 53.296369 -12.344040 0.000000
    endloop
  endfacet
  facet normal 0.000000 0.000000 -1.000000
    outer loop
      vertex 0.000000 0.000000 0.000000
      vertex 53.970274 -11.333578 0.000000
      vertex 53.645446 -11.847814 0.000000
    endloop
  endfacet
  facet normal 0.000000 0.000000 -1.000000
    outer loop
      vertex 0.000000 0.000000 0.000000
      vertex 54.270895 -10.799944 0.000000
      vertex 53.970274 -11.333578 0.000000
    endloop
  endfacet
  facet normal 0.000000 0.000000 -1.000000
    outer loop
      vertex 0.000000 0.000000 0.000000
      vertex 54.547347 -10.245217 0.000000
      vertex 54.270895 -10.799944 0.000000
    endloop
  endfacet
  facet normal 0.000000 0.000000 -1.000000
    outer loop
      vertex 0.000000 0.000000 0.000000
      vertex 54.799663 -9.667299 0.000000
      vertex 54.547347 -10.245217 0.000000
    endloop
  endfacet
  facet normal 0.000000 0.000000 -1.000000
    outer loop
      vertex 0.000000 0.000000 0.000000
      vertex 55.027873 -9.063549 0.000000
      vertex 54.799663 -9.667299 0.000000
    endloop
  endfacet
  facet normal 0.000000 0.000000 -1.000000
    outer loop
      vertex 0.000000 0.000000 0.000000
      vertex 55.232000 -8.430568 0.000000
      vertex 55.027873 -9.063549 0.000000
    endloop
  endfacet
  facet normal 0.000000 0.000000 -1.000000
    outer loop
      vertex 0.000000 0.000000 0.000000
      vertex 55.412067 -7.763868 0.000000
      vertex 55.232000 -8.430568 0.000000
    endloop
  endfacet
  facet normal 0.000000 0.000000 -1.000000
    outer loop
      vertex 0.000000 0.000000 0.000000
      vertex 55.568092 -7.057328 0.000000
      vertex 55.412067 -7.763868 0.000000
    endloop
  endfacet
  facet normal 0.000000 0.000000 -1.000000
    outer loop
      vertex 0.000000 0.000000 0.000000
      vertex 55.700088 -6.302220 0.000000
      vertex 55.568092 -7.057328 0.000000
    endloop
  endfacet
  facet normal 0.000000 0.000000 -1.000000
    outer loop
      vertex 0.000000 0.000000 0.000000
      vertex 55.808069 -5.485347 0.000000
      vertex 55.700088 -6.302220 0.000000
    endloop
  endfacet
  facet normal 0.000000 0.000000 -1.000000
    outer loop
      vertex 0.000000 0.000000 0.000000
      vertex 55.892044 -4.584950 0.000000
      vertex 55.808069 -5.485347 0.000000
    endloop
  endfacet
  facet normal 0.000000 0.000000 -1.000000
    outer loop
      vertex 0.000000 0.000000 0.000000
      vertex 55.952021 -3.559858 0.000000
      vertex 55.892044 -4.584950 0.000000
    endloop
  endfacet
  facet normal 0.000000 0.000000 -1.000000
    outer loop
      vertex 0.000000 0.000000 0.000000
      vertex 55.988006 -2.308777 0.000000
      vertex 55.952021 -3.559858 0.000000
    endloop
  endfacet
  facet normal 0.000000 0.000000 -1.000000
    outer loop
      vertex 0.000000 0.000000 0.000000
      vertex 56.000000 0.000000 0.000000
      vertex 55.988006 -2.308777 0.000000
    endloop
  endfacet
  facet normal -0.999987 -0.005195 0.000000
    outer loop
      vertex 56.000000 0.000000 0.000000
      vertex 56.000000 0.000000 30.000000
      vertex 55.988006 2.308777 30.000000
    endloop
  endfacet
  facet normal -0.999987 -0.005195 0.000000
    outer loop
      vertex 56.000000 0.000000 0.000000
      vertex 55.988006 2.308777 30.000000
      vertex 55.988006 2.308777 0.000000
    endloop
  endfacet
  facet normal -0.999587 -0.028751 0.000000
    outer loop
      vertex 55.988006 2.308777 0.000000
      vertex 55.988006 2.308777 30.000000
      vertex 55.952021 3.559858 30.000000
    endloop
  endfacet
  facet normal -0.999587 -0.028751 0.000000
    outer loop
      vertex 55.988006 2.308777 0.000000
      vertex 55.952021 3.559858 30.000000
      vertex 55.952021 3.559858 0.000000
    endloop
  endfacet
  facet normal -0.998293 -0.058409 0.000000
    outer loop
      vertex 55.952021 3.559858 0.000000
      vertex 55.952021 3.559858 30.000000
      vertex 55.892044 4.584950 30.000000
    endloop
  endfacet
  facet normal -0.998293 -0.058409 0.000000
    outer loop
      vertex 55.952021 3.559858 0.000000
      vertex 55.892044 4.584950 30.000000
      vertex 55.892044 4.584950 0.000000
    endloop
  endfacet
  facet normal -0.995679 -0.092862 0.000000
    outer loop
      vertex 55.892044 4.584950 0.000000
      vertex 55.892044 4.584950 30.000000
      vertex 55.808069 5.485347 30.000000
    endloop
  endfacet
  facet normal -0.995679 -0.092862 0.000000
    outer loop
      vertex 55.892044 4.584950 0.000000
      vertex 55.808069 5.485347 30.000000
      vertex 55.808069 5.485347 0.000000
    endloop
  endfacet
  facet normal -0.991376 -0.131048 0.000000
    outer loop
      vertex 55.808069 5.485347 0.000000
      vertex 55.808069 5.485347 30.000000
      vertex 55.700088 6.302220 30.000000
    endloop
  endfacet
  facet normal -0.991376 -0.131048 0.000000
    outer loop
      vertex 55.808069 5.485347 0.000000
      vertex 55.700088 6.302220 30.000000
      vertex 55.700088 6.302220 0.000000
    endloop
  endfacet
  facet normal -0.985063 -0.172194 0.000000
    outer loop
      vertex 55.700088 6.302220 0.000000
      vertex 55.700088 6.302220 30.000000
      vertex 55.568092 7.057328 30.000000
    endloop
  endfacet
  facet normal -0.985063 -0.172194 0.000000
    outer loop
      vertex 55.700088 6.302220 0.000000
      vertex 55.568092 7.057328 30.000000
      vertex 55.568092 7.057328 0.000000
    endloop
  endfacet
  facet normal -0.976474 -0.215633 0.000000
    outer loop
      vertex 55.568092 7.057328 0.000000
      vertex 55.568092 7.057328 30.000000
      vertex 55.412067 7.763868 30.000000
    endloop
  endfacet
  facet normal -0.976474 -0.215633 0.000000
    outer loop
      vertex 55.568092 7.057328 0.000000
      vertex 55.412067 7.763868 30.000000
      vertex 55.412067 7.763868 0.000000
    endloop
  endfacet
  facet normal -0.965408 -0.260744 0.000000
    outer loop
      vertex 55.412067 7.763868 0.000000
      vertex 55.412067 7.763868 30.000000
      vertex 55.232000 8.430568 30.000000
    endloop
  endfacet
  facet normal -0.965408 -0.260744 0.000000
    outer loop
      vertex 55.412067 7.763868 0.000000
      vertex 55.232000 8.430568 30.000000
      vertex 55.232000 8.430568 0.000000
    endloop
  endfacet
  facet normal -0.951735 -0.306921 0.000000
    outer loop
      vertex 55.232000 8.430568 0.000000
      vertex 55.232000 8.430568 30.000000
      vertex 55.027873 9.063549 30.000000
    endloop
  endfacet
  facet normal -0.951735 -0.306921 0.000000
    outer loop
      vertex 55.232000 8.430568 0.000000
      vertex 55.027873 9.063549 30.000000
      vertex 55.027873 9.063549 0.000000
    endloop
  endfacet
  facet normal -0.935407 -0.353572 0.000000
    outer loop
      vertex 55.027873 9.063549 0.000000
      vertex 55.027873 9.063549 30.000000
      vertex 54.799663 9.667299 30.000000
    endloop
  endfacet
  facet normal -0.935407 -0.353572 0.000000
    outer loop
      vertex 55.027873 9.063549 0.000000
      vertex 54.799663 9.667299 30.000000
      vertex 54.799663 9.667299 0.000000
    endloop
  endfacet
  facet normal -0.916461 -0.400123 0.000000
    outer loop
      vertex 54.799663 9.667299 0.000000
      vertex 54.799663 9.667299 30.000000
      vertex 54.547347 10.245217 30.000000
    endloop
  endfacet
  facet normal -0.916461 -0.400123 0.000000
    outer loop
      vertex 54.799663 9.667299 0.000000
      vertex 54.547347 10.245217 30.000000
      vertex 54.547347 10.245217 0.000000
    endloop
  endfacet
  facet normal -0.895015 -0.446037 0.000000
    outer loop
      vertex 54.547347 10.245217 0.000000
      vertex 54.547347 10.245217 30.000000
      vertex 54.270895 10.799944 30.000000
    endloop
  endfacet
  facet normal -0.895015 -0.446037 0.000000
    outer loop
      vertex 54.547347 10.245217 0.000000
      vertex 54.270895 10.799944 30.000000
      vertex 54.270895 10.799944 0.000000
    endloop
  endfacet
  facet normal -0.871261 -0.490821 0.000000
    outer loop
      vertex 54.270895 10.799944 0.000000
      vertex 54.270895 10.799944 30.000000
      vertex 53.970274 11.333578 30.000000
    endloop
  endfacet
  facet normal -0.871261 -0.490821 0.000000
    outer loop
      vertex 54.270895 10.799944 0.000000
      vertex 53.970274 11.333578 30.000000
      vertex 53.970274 11.333578 0.000000
    endloop
  endfacet
  facet normal -0.845454 -0.534048 0.000000
    outer loop
      vertex 53.970274 11.333578 0.000000
      vertex 53.970274 11.333578 30.000000
      vertex 53.645446 11.847814 30.000000
    endloop
  endfacet
  facet normal -0.845454 -0.534048 0.000000
    outer loop
      vertex 53.970274 11.333578 0.000000
      vertex 53.645446 11.847814 30.000000
      vertex 53.645446 11.847814 0.000000
    endloop
  endfacet
  facet normal -0.817898 -0.575364 0.000000
    outer loop
      vertex 53.645446 11.847814 0.000000
      vertex 53.645446 11.847814 30.000000
      vertex 53.296369 12.344040 30.000000
    endloop
  endfacet
  facet normal -0.817898 -0.575364 0.000000
    outer loop
      vertex 53.645446 11.847814 0.000000
      vertex 53.296369 12.344040 30.000000
      vertex 53.296369 12.344040 0.000000
    endloop
  endfacet
  facet normal -0.788922 -0.614493 0.000000
    outer loop
      vertex 53.296369 12.344040 0.000000
      vertex 53.296369 12.344040 30.000000
      vertex 52.922991 12.823404 30.000000
    endloop
  endfacet
  facet normal -0.788922 -0.614493 0.000000
    outer loop
      vertex 53.296369 12.344040 0.000000
      vertex 52.922991 12.823404 30.000000
      vertex 52.922991 12.823404 0.000000
    endloop
  endfacet
  facet normal -0.758871 -0.651241 0.000000
    outer loop
      vertex 52.922991 12.823404 0.000000
      vertex 52.922991 12.823404 30.000000
      vertex 52.525257 13.286872 30.000000
    endloop
  endfacet
  facet normal -0.758871 -0.651241 0.000000
    outer loop
      vertex 52.922991 12.823404 0.000000
      vertex 52.525257 13.286872 30.000000
      vertex 52.525257 13.286872 0.000000
    endloop
  endfacet
  facet normal -0.728082 -0.685490 0.000000
    outer loop
      vertex 52.525257 13.286872 0.000000
      vertex 52.525257 13.286872 30.000000
      vertex 52.103102 13.735256 30.000000
    endloop
  endfacet
  facet normal -0.728082 -0.685490 0.000000
    outer loop
      vertex 52.525257 13.286872 0.000000
      vertex 52.103102 13.735256 30.000000
      vertex 52.103102 13.735256 0.000000
    endloop
  endfacet
  facet normal -0.696874 -0.717193 0.000000
    outer loop
      vertex 52.103102 13.735256 0.000000
      vertex 52.103102 13.735256 30.000000
      vertex 51.656454 14.169249 30.000000
    endloop
  endfacet
  facet normal -0.696874 -0.717193 0.000000
    outer loop
      vertex 52.103102 13.735256 0.000000
      vertex 51.656454 14.169249 30.000000
      vertex 51.656454 14.169249 0.000000
    endloop
  endfacet
  facet normal -0.665541 -0.746361 0.000000
    outer loop
      vertex 51.656454 14.169249 0.000000
      vertex 51.656454 14.169249 30.000000
      vertex 51.185231 14.589445 30.000000
    endloop
  endfacet
  facet normal -0.665541 -0.746361 0.000000
    outer loop
      vertex 51.656454 14.169249 0.000000
      vertex 51.185231 14.589445 30.000000
      vertex 51.185231 14.589445 0.000000
    endloop
  endfacet
  facet normal -0.634340 -0.773054 0.000000
    outer loop
      vertex 51.185231 14.589445 0.000000
      vertex 51.185231 14.589445 30.000000
      vertex 50.689341 14.996355 30.000000
    endloop
  endfacet
  facet normal -0.634340 -0.773054 0.000000
    outer loop
      vertex 51.185231 14.589445 0.000000
      vertex 50.689341 14.996355 30.000000
      vertex 50.689341 14.996355 0.000000
    endloop
  endfacet
  facet normal -0.603492 -0.797369 0.000000
    outer loop
      vertex 50.689341 14.996355 0.000000
      vertex 50.689341 14.996355 30.000000
      vertex 50.168678 15.390421 30.000000
    endloop
  endfacet
  facet normal -0.603492 -0.797369 0.000000
    outer loop
      vertex 50.689341 14.996355 0.000000
      vertex 50.168678 15.390421 30.000000
      vertex 50.168678 15.390421 0.000000
    endloop
  endfacet
  facet normal -0.573179 -0.819430 0.000000
    outer loop
      vertex 50.168678 15.390421 0.000000
      vertex 50.168678 15.390421 30.000000
      vertex 49.623124 15.772028 30.000000
    endloop
  endfacet
  facet normal -0.573179 -0.819430 0.000000
    outer loop
      vertex 50.168678 15.390421 0.000000
      vertex 49.623124 15.772028 30.000000
      vertex 49.623124 15.772028 0.000000
    endloop
  endfacet
  facet normal -0.543548 -0.839378 0.000000
    outer loop
      vertex 49.623124 15.772028 0.000000
      vertex 49.623124 15.772028 30.000000
      vertex 49.052546 16.141511 30.000000
    endloop
  endfacet
  facet normal -0.543548 -0.839378 0.000000
    outer loop
      vertex 49.623124 15.772028 0.000000
      vertex 49.052546 16.141511 30.000000
      vertex 49.052546 16.141511 0.000000
    endloop
  endfacet
  facet normal -0.514711 -0.857364 0.000000
    outer loop
      vertex 49.052546 16.141511 0.000000
      vertex 49.052546 16.141511 30.000000
      vertex 48.456795 16.499165 30.000000
    endloop
  endfacet
  facet normal -0.514711 -0.857364 0.000000
    outer loop
      vertex 49.052546 16.141511 0.000000
      vertex 48.456795 16.499165 30.000000
      vertex 48.456795 16.499165 0.000000
    endloop
  endfacet
  facet normal -0.486750 -0.873541 0.000000
    outer loop
      vertex 48.456795 16.499165 0.000000
      vertex 48.456795 16.499165 30.000000
      vertex 47.835702 16.845247 30.000000
    endloop
  endfacet
  facet normal -0.486750 -0.873541 0.000000
    outer loop
      vertex 48.456795 16.499165 0.000000
      vertex 47.835702 16.845247 30.000000
      vertex 47.835702 16.845247 0.000000
    endloop
  endfacet
  facet normal -0.459722 -0.888063 0.000000
    outer loop
      vertex 47.835702 16.845247 0.000000
      vertex 47.835702 16.845247 30.000000
      vertex 47.189076 17.179985 30.000000
    endloop
  endfacet
  facet normal -0.459722 -0.888063 0.000000
    outer loop
      vertex 47.835702 16.845247 0.000000
      vertex 47.189076 17.179985 30.000000
      vertex 47.189076 17.179985 0.000000
    endloop
  endfacet
  facet normal -0.433661 -0.901076 0.000000
    outer loop
      vertex 47.189076 17.179985 0.000000
      vertex 47.189076 17.179985 30.000000
      vertex 46.516704 17.503578 30.000000
    endloop
  endfacet
  facet normal -0.433661 -0.901076 0.000000
    outer loop
      vertex 47.189076 17.179985 0.000000
      vertex 46.516704 17.503578 30.000000
      vertex 46.516704 17.503578 0.000000
    endloop
  endfacet
  facet normal -0.408585 -0.912720 0.000000
    outer loop
      vertex 46.516704 17.503578 0.000000
      vertex 46.516704 17.503578 30.000000
      vertex 45.818346 17.816203 30.000000
    endloop
  endfacet
  facet normal -0.408585 -0.912720 0.000000
    outer loop
      vertex 46.516704 17.503578 0.000000
      vertex 45.818346 17.816203 30.000000
      vertex 45.818346 17.816203 0.000000
    endloop
  endfacet
  facet normal -0.384496 -0.923127 0.000000
    outer loop
      vertex 45.818346 17.816203 0.000000
      vertex 45.818346 17.816203 30.000000
      vertex 45.093729 18.118016 30.000000
    endloop
  endfacet
  facet normal -0.384496 -0.923127 0.000000
    outer loop
      vertex 45.818346 17.816203 0.000000
      vertex 45.093729 18.118016 30.000000
      vertex 45.093729 18.118016 0.000000
    endloop
  endfacet
  facet normal -0.361384 -0.932417 0.000000
    outer loop
      vertex 45.093729 18.118016 0.000000
      vertex 45.093729 18.118016 30.000000
      vertex 44.342549 18.409157 30.000000
    endloop
  endfacet
  facet normal -0.361384 -0.932417 0.000000
    outer loop
      vertex 45.093729 18.118016 0.000000
      vertex 44.342549 18.409157 30.000000
      vertex 44.342549 18.409157 0.000000
    endloop
  endfacet
  facet normal -0.339232 -0.940703 0.000000
    outer loop
      vertex 44.342549 18.409157 0.000000
      vertex 44.342549 18.409157 30.000000
      vertex 43.564460 18.689747 30.000000
    endloop
  endfacet
  facet normal -0.339232 -0.940703 0.000000
    outer loop
      vertex 44.342549 18.409157 0.000000
      vertex 43.564460 18.689747 30.000000
      vertex 43.564460 18.689747 0.000000
    endloop
  endfacet
  facet normal -0.318015 -0.948086 0.000000
    outer loop
      vertex 43.564460 18.689747 0.000000
      vertex 43.564460 18.689747 30.000000
      vertex 42.759074 18.959897 30.000000
    endloop
  endfacet
  facet normal -0.318015 -0.948086 0.000000
    outer loop
      vertex 43.564460 18.689747 0.000000
      vertex 42.759074 18.959897 30.000000
      vertex 42.759074 18.959897 0.000000
    endloop
  endfacet
  facet normal -0.297705 -0.954658 0.000000
    outer loop
      vertex 42.759074 18.959897 0.000000
      vertex 42.759074 18.959897 30.000000
      vertex 41.925949 19.219702 30.000000
    endloop
  endfacet
  facet normal -0.297705 -0.954658 0.000000
    outer loop
      vertex 42.759074 18.959897 0.000000
      vertex 41.925949 19.219702 30.000000
      vertex 41.925949 19.219702 0.000000
    endloop
  endfacet
  facet normal -0.278269 -0.960503 0.000000
    outer loop
      vertex 41.925949 19.219702 0.000000
      vertex 41.925949 19.219702 30.000000
      vertex 41.064589 19.469248 30.000000
    endloop
  endfacet
  facet normal -0.278269 -0.960503 0.000000
    outer loop
      vertex 41.925949 19.219702 0.000000
      vertex 41.064589 19.469248 30.000000
      vertex 41.064589 19.469248 0.000000
    endloop
  endfacet
  facet normal -0.259676 -0.965696 0.000000
    outer loop
      vertex 41.064589 19.469248 0.000000
      vertex 41.064589 19.469248 30.000000
      vertex 40.174428 19.708612 30.000000
    endloop
  endfacet
  facet normal -0.259676 -0.965696 0.000000
    outer loop
      vertex 41.064589 19.469248 0.000000
      vertex 40.174428 19.708612 30.000000
      vertex 40.174428 19.708612 0.000000
    endloop
  endfacet
  facet normal -0.241889 -0.970304 0.000000
    outer loop
      vertex 40.174428 19.708612 0.000000
      vertex 40.174428 19.708612 30.000000
      vertex 39.254825 19.937862 30.000000
    endloop
  endfacet
  facet normal -0.241889 -0.970304 0.000000
    outer loop
      vertex 40.174428 19.708612 0.000000
      vertex 39.254825 19.937862 30.000000
      vertex 39.254825 19.937862 0.000000
    endloop
  endfacet
  facet normal -0.224875 -0.974388 0.000000
    outer loop
      vertex 39.254825 19.937862 0.000000
      vertex 39.254825 19.937862 30.000000
      vertex 38.305047 20.157058 30.000000
    endloop
  endfacet
  facet normal -0.224875 -0.974388 0.000000
    outer loop
      vertex 39.254825 19.937862 0.000000
      vertex 38.305047 20.157058 30.000000
      vertex 38.305047 20.157058 0.000000
    endloop
  endfacet
  facet normal -0.208601 -0.978001 0.000000
    outer loop
      vertex 38.305047 20.157058 0.000000
      vertex 38.305047 20.157058 30.000000
      vertex 37.324261 20.366253 30.000000
    endloop
  endfacet
  facet normal -0.208601 -0.978001 0.000000
    outer loop
      vertex 38.305047 20.157058 0.000000
      vertex 37.324261 20.366253 30.000000
      vertex 37.324261 20.366253 0.000000
    endloop
  endfacet
  facet normal -0.193033 -0.981192 0.000000
    outer loop
      vertex 37.324261 20.366253 0.000000
      vertex 37.324261 20.366253 30.000000
      vertex 36.311508 20.565495 30.000000
    endloop
  endfacet
  facet normal -0.193033 -0.981192 0.000000
    outer loop
      vertex 37.324261 20.366253 0.000000
      vertex 36.311508 20.565495 30.000000
      vertex 36.311508 20.565495 0.000000
    endloop
  endfacet
  facet normal -0.178140 -0.984005 0.000000
    outer loop
      vertex 36.311508 20.565495 0.000000
      vertex 36.311508 20.565495 30.000000
      vertex 35.265686 20.754825 30.000000
    endloop
  endfacet
  facet normal -0.178140 -0.984005 0.000000
    outer loop
      vertex 36.311508 20.565495 0.000000
      vertex 35.265686 20.754825 30.000000
      vertex 35.265686 20.754825 0.000000
    endloop
  endfacet
  facet normal -0.163892 -0.986478 0.000000
    outer loop
      vertex 35.265686 20.754825 0.000000
      vertex 35.265686 20.754825 30.000000
      vertex 34.185525 20.934282 30.000000
    endloop
  endfacet
  facet normal -0.163892 -0.986478 0.000000
    outer loop
      vertex 35.265686 20.754825 0.000000
      vertex 34.185525 20.934282 30.000000
      vertex 34.185525 20.934282 0.000000
    endloop
  endfacet
  facet normal -0.150263 -0.988646 0.000000
    outer loop
      vertex 34.185525 20.934282 0.000000
      vertex 34.185525 20.934282 30.000000
      vertex 33.069547 21.103898 30.000000
    endloop
  endfacet
  facet normal -0.150263 -0.988646 0.000000
    outer loop
      vertex 34.185525 20.934282 0.000000
      vertex 33.069547 21.103898 30.000000
      vertex 33.069547 21.103898 0.000000
    endloop
  endfacet
  facet normal -0.137225 -0.990540 0.000000
    outer loop
      vertex 33.069547 21.103898 0.000000
      vertex 33.069547 21.103898 30.000000
      vertex 31.916028 21.263702 30.000000
    endloop
  endfacet
  facet normal -0.137225 -0.990540 0.000000
    outer loop
      vertex 33.069547 21.103898 0.000000
      vertex 31.916028 21.263702 30.000000
      vertex 31.916028 21.263702 0.000000
    endloop
  endfacet
  facet normal -0.124757 -0.992187 0.000000
    outer loop
      vertex 31.916028 21.263702 0.000000
      vertex 31.916028 21.263702 30.000000
      vertex 30.722943 21.413719 30.000000
    endloop
  endfacet
  facet normal -0.124757 -0.992187 0.000000
    outer loop
      vertex 31.916028 21.263702 0.000000
      vertex 30.722943 21.413719 30.000000
      vertex 30.722943 21.413719 0.000000
    endloop
  endfacet
  facet normal -0.112837 -0.993614 0.000000
    outer loop
      vertex 30.722943 21.413719 0.000000
      vertex 30.722943 21.413719 30.000000
      vertex 29.487894 21.553974 30.000000
    endloop
  endfacet
  facet normal -0.112837 -0.993614 0.000000
    outer loop
      vertex 30.722943 21.413719 0.000000
      vertex 29.487894 21.553974 30.000000
      vertex 29.487894 21.553974 0.000000
    endloop
  endfacet
  facet normal -0.101446 -0.994841 0.000000
    outer loop
      vertex 29.487894 21.553974 0.000000
      vertex 29.487894 21.553974 30.000000
      vertex 28.208017 21.684485 30.000000
    endloop
  endfacet
  facet normal -0.101446 -0.994841 0.000000
    outer loop
      vertex 29.487894 21.553974 0.000000
      vertex 28.208017 21.684485 30.000000
      vertex 28.208017 21.684485 0.000000
    endloop
  endfacet
  facet normal -0.090568 -0.995890 0.000000
    outer loop
      vertex 28.208017 21.684485 0.000000
      vertex 28.208017 21.684485 30.000000
      vertex 26.879860 21.805270 30.000000
    endloop
  endfacet
  facet normal -0.090568 -0.995890 0.000000
    outer loop
      vertex 28.208017 21.684485 0.000000
      vertex 26.879860 21.805270 30.000000
      vertex 26.879860 21.805270 0.000000
    endloop
  endfacet
  facet normal -0.080192 -0.996779 0.000000
    outer loop
      vertex 26.879860 21.805270 0.000000
      vertex 26.879860 21.805270 30.000000
      vertex 25.499206 21.916345 30.000000
    endloop
  endfacet
  facet normal -0.080192 -0.996779 0.000000
    outer loop
      vertex 26.879860 21.805270 0.000000
      vertex 25.499206 21.916345 30.000000
      vertex 25.499206 21.916345 0.000000
    endloop
  endfacet
  facet normal -0.070306 -0.997525 0.000000
    outer loop
      vertex 25.499206 21.916345 0.000000
      vertex 25.499206 21.916345 30.000000
      vertex 24.060834 22.017722 30.000000
    endloop
  endfacet
  facet normal -0.070306 -0.997525 0.000000
    outer loop
      vertex 25.499206 21.916345 0.000000
      vertex 24.060834 22.017722 30.000000
      vertex 24.060834 22.017722 0.000000
    endloop
  endfacet
  facet normal -0.060906 -0.998144 0.000000
    outer loop
      vertex 24.060834 22.017722 0.000000
      vertex 24.060834 22.017722 30.000000
      vertex 22.558167 22.109413 30.000000
    endloop
  endfacet
  facet normal -0.060906 -0.998144 0.000000
    outer loop
      vertex 24.060834 22.017722 0.000000
      vertex 22.558167 22.109413 30.000000
      vertex 22.558167 22.109413 0.000000
    endloop
  endfacet
  facet normal -0.051989 -0.998648 0.000000
    outer loop
      vertex 22.558167 22.109413 0.000000
      vertex 22.558167 22.109413 30.000000
      vertex 20.982747 22.191429 30.000000
    endloop
  endfacet
  facet normal -0.051989 -0.998648 0.000000
    outer loop
      vertex 22.558167 22.109413 0.000000
      vertex 20.982747 22.191429 30.000000
      vertex 20.982747 22.191429 0.000000
    endloop
  endfacet
  facet normal -0.043559 -0.999051 0.000000
    outer loop
      vertex 20.982747 22.191429 0.000000
      vertex 20.982747 22.191429 30.000000
      vertex 19.323406 22.263777 30.000000
    endloop
  endfacet
  facet normal -0.043559 -0.999051 0.000000
    outer loop
      vertex 20.982747 22.191429 0.000000
      vertex 19.323406 22.263777 30.000000
      vertex 19.323406 22.263777 0.000000
    endloop
  endfacet
  facet normal -0.035626 -0.999365 0.000000
    outer loop
      vertex 19.323406 22.263777 0.000000
      vertex 19.323406 22.263777 30.000000
      vertex 17.564905 22.326465 30.000000
    endloop
  endfacet
  facet normal -0.035626 -0.999365 0.000000
    outer loop
      vertex 19.323406 22.263777 0.000000
      vertex 17.564905 22.326465 30.000000
      vertex 17.564905 22.326465 0.000000
    endloop
  endfacet
  facet normal -0.028208 -0.999602 0.000000
    outer loop
      vertex 17.564905 22.326465 0.000000
      vertex 17.564905 22.326465 30.000000
      vertex 15.685525 22.379500 30.000000
    endloop
  endfacet
  facet normal -0.028208 -0.999602 0.000000
    outer loop
      vertex 17.564905 22.326465 0.000000
      vertex 15.685525 22.379500 30.000000
      vertex 15.685525 22.379500 0.000000
    endloop
  endfacet
  facet normal -0.021335 -0.999772 0.000000
    outer loop
      vertex 15.685525 22.379500 0.000000
      vertex 15.685525 22.379500 30.000000
      vertex 13.652420 22.422885 30.000000
    endloop
  endfacet
  facet normal -0.021335 -0.999772 0.000000
    outer loop
      vertex 15.685525 22.379500 0.000000
      vertex 13.652420 22.422885 30.000000
      vertex 13.652420 22.422885 0.000000
    endloop
  endfacet
  facet normal -0.015054 -0.999887 0.000000
    outer loop
      vertex 13.652420 22.422885 0.000000
      vertex 13.652420 22.422885 30.000000
      vertex 11.411430 22.456625 30.000000
    endloop
  endfacet
  facet normal -0.015054 -0.999887 0.000000
    outer loop
      vertex 13.652420 22.422885 0.000000
      vertex 11.411430 22.456625 30.000000
      vertex 11.411430 22.456625 0.000000
    endloop
  endfacet
  facet normal -0.009445 -0.999955 0.000000
    outer loop
      vertex 11.411430 22.456625 0.000000
      vertex 11.411430 22.456625 30.000000
      vertex 8.860090 22.480723 30.000000
    endloop
  endfacet
  facet normal -0.009445 -0.999955 0.000000
    outer loop
      vertex 11.411430 22.456625 0.000000
      vertex 8.860090 22.480723 30.000000
      vertex 8.860090 22.480723 0.000000
    endloop
  endfacet
  facet normal -0.004643 -0.999989 0.000000
    outer loop
      vertex 8.860090 22.480723 0.000000
      vertex 8.860090 22.480723 30.000000
      vertex 5.746288 22.495181 30.000000
    endloop
  endfacet
  facet normal -0.004643 -0.999989 0.000000
    outer loop
      vertex 8.860090 22.480723 0.000000
      vertex 5.746288 22.495181 30.000000
      vertex 5.746288 22.495181 0.000000
    endloop
  endfacet
  facet normal -0.000839 -1.000000 0.000000
    outer loop
      vertex 5.746288 22.495181 0.000000
      vertex 5.746288 22.495181 30.000000
      vertex 0.000000 22.500000 30.000000
    endloop
  endfacet
  facet normal -0.000839 -1.000000 0.000000
    outer loop
      vertex 5.746288 22.495181 0.000000
      vertex 0.000000 22.500000 30.000000
      vertex 0.000000 22.500000 0.000000
    endloop
  endfacet
  facet normal 0.000839 -1.000000 0.000000
    outer loop
      vertex 0.000000 22.500000 0.000000
      vertex 0.000000 22.500000 30.000000
      vertex -5.746288 22.495181 30.000000
    endloop
  endfacet
  facet normal 0.000839 -1.000000 0.000000
    outer loop
      vertex 0.000000 22.500000 0.000000
      vertex -5.746288 22.495181 30.000000
      vertex -5.746288 22.495181 0.000000
    endloop
  endfacet
  facet normal 0.004643 -0.999989 0.000000
    outer loop
      vertex -5.746288 22.495181 0.000000
      vertex -5.746288 22.495181 30.000000
      vertex -8.860090 22.480723 30.000000
    endloop
  endfacet
  facet normal 0.004643 -0.999989 0.000000
    outer loop
      vertex -5.746288 22.495181 0.000000
      vertex -8.860090 22.480723 30.000000
      vertex -8.860090 22.480723 0.000000
    endloop
  endfacet
  facet normal 0.009445 -0.999955 0.000000
    outer loop
      vertex -8.860090 22.480723 0.000000
      vertex -8.860090 22.480723 30.000000
      vertex -11.411430 22.456625 30.000000
    endloop
  endfacet
  facet normal 0.009445 -0.999955 0.000000
    outer loop
      vertex -8.860090 22.480723 0.000000
      vertex -11.411430 22.456625 30.000000
      vertex -11.411430 22.456625 0.000000
    endloop
  endfacet
  facet normal 0.015054 -0.999887 0.000000
    outer loop
      vertex -11.411430 22.456625 0.000000
      vertex -11.411430 22.456625 30.000000
      vertex -13.652420 22.422885 30.000000
    endloop
  endfacet
  facet normal 0.015054 -0.999887 0.000000
    outer loop
      vertex -11.411430 22.456625 0.000000
      vertex -13.652420 22.422885 30.000000
      vertex -13.652420 22.422885 0.000000
    endloop
  endfacet
  facet normal 0.021335 -0.999772 0.000000
    outer loop
      vertex -13.652420 22.422885 0.000000
      vertex -13.652420 22.422885 30.000000
      vertex -15.685525 22.379500 30.000000
    endloop
  endfacet
  facet normal 0.021335 -0.999772 0.000000
    outer loop
      vertex -13.652420 22.422885 0.000000
      vertex -15.685525 22.379500 30.000000
      vertex -15.685525 22.379500 0.000000
    endloop
  endfacet
  facet normal 0.028208 -0.999602 0.000000
    outer loop
      vertex -15.685525 22.379500 0.000000
      vertex -15.685525 22.379500 30.000000
      vertex -17.564905 22.326465 30.000000
    endloop
  endfacet
  facet normal 0.028208 -0.999602 0.000000
    outer loop
      vertex -15.685525 22.379500 0.000000
      vertex -17.564905 22.326465 30.000000
      vertex -17.564905 22.326465 0.000000
    endloop
  endfacet
  facet normal 0.035626 -0.999365 0.000000
    outer loop
      vertex -17.564905 22.326465 0.000000
      vertex -17.564905 22.326465 30.000000
      vertex -19.323406 22.263777 30.000000
    endloop
  endfacet
  facet normal 0.035626 -0.999365 0.000000
    outer loop
      vertex -17.564905 22.326465 0.000000
      vertex -19.323406 22.263777 30.000000
      vertex -19.323406 22.263777 0.000000
    endloop
  endfacet
  facet normal 0.043559 -0.999051 0.000000
    outer loop
      vertex -19.323406 22.263777 0.000000
      vertex -19.323406 22.263777 30.000000
      vertex -20.982747 22.191429 30.000000
    endloop
  endfacet
  facet normal 0.043559 -0.999051 0.000000
    outer loop
      vertex -19.323406 22.263777 0.000000
      vertex -20.982747 22.191429 30.000000
      vertex -20.982747 22.191429 0.000000
    endloop
  endfacet
  facet normal 0.051989 -0.998648 0.000000
    outer loop
      vertex -20.982747 22.191429 0.000000
      vertex -20.982747 22.191429 30.000000
      vertex -22.558167 22.109413 30.000000
    endloop
  endfacet
  facet normal 0.051989 -0.998648 0.000000
    outer loop
      vertex -20.982747 22.191429 0.000000
      vertex -22.558167 22.109413 30.000000
      vertex -22.558167 22.109413 0.000000
    endloop
  endfacet
  facet normal 0.060906 -0.998144 0.000000
    outer loop
      vertex -22.558167 22.109413 0.000000
      vertex -22.558167 22.109413 30.000000
      vertex -24.060834 22.017722 30.000000
    endloop
  endfacet
  facet normal 0.060906 -0.998144 0.000000
    outer loop
      vertex -22.558167 22.109413 0.000000
      vertex -24.060834 22.017722 30.000000
      vertex -24.060834 22.017722 0.000000
    endloop
  endfacet
  facet normal 0.070306 -0.997525 0.000000
    outer loop
      vertex -24.060834 22.017722 0.000000
      vertex -24.060834 22.017722 30.000000
      vertex -25.499206 21.916345 30.000000
    endloop
  endfacet
  facet normal 0.070306 -0.997525 0.000000
    outer loop
      vertex -24.060834 22.017722 0.000000
      vertex -25.499206 21.916345 30.000000
      vertex -25.499206 21.916345 0.000000
    endloop
  endfacet
  facet normal 0.080192 -0.996779 0.000000
    outer loop
      vertex -25.499206 21.916345 0.000000
      vertex -25.499206 21.916345 30.000000
      vertex -26.879860 21.805270 30.000000
    endloop
  endfacet
  facet normal 0.080192 -0.996779 0.000000
    outer loop
      vertex -25.499206 21.916345 0.000000
      vertex -26.879860 21.805270 30.000000
      vertex -26.879860 21.805270 0.000000
    endloop
  endfacet
  facet normal 0.090568 -0.995890 0.000000
    outer loop
      vertex -26.879860 21.805270 0.000000
      vertex -26.879860 21.805270 30.000000
      vertex -28.208017 21.684485 30.000000
    endloop
  endfacet
  facet normal 0.090568 -0.995890 0.000000
    outer loop
      vertex -26.879860 21.805270 0.000000
      vertex -28.208017 21.684485 30.000000
      vertex -28.208017 21.684485 0.000000
    endloop
  endfacet
  facet normal 0.101446 -0.994841 0.000000
    outer loop
      vertex -28.208017 21.684485 0.000000
      vertex -28.208017 21.684485 30.000000
      vertex -29.487894 21.553974 30.000000
    endloop
  endfacet
  facet normal 0.101446 -0.994841 0.000000
    outer loop
      vertex -28.208017 21.684485 0.000000
      vertex -29.487894 21.553974 30.000000
      vertex -29.487894 21.553974 0.000000
    endloop
  endfacet
  facet normal 0.112837 -0.993614 0.000000
    outer loop
      vertex -29.487894 21.553974 0.000000
      vertex -29.487894 21.553974 30.000000
      vertex -30.722943 21.413719 30.000000
    endloop
  endfacet
  facet normal 0.112837 -0.993614 0.000000
    outer loop
      vertex -29.487894 21.553974 0.000000
      vertex -30.722943 21.413719 30.000000
      vertex -30.722943 21.413719 0.000000
    endloop
  endfacet
  facet normal 0.124757 -0.992187 0.000000
    outer loop
      vertex -30.722943 21.413719 0.000000
      vertex -30.722943 21.413719 30.000000
      vertex -31.916028 21.263702 30.000000
    endloop
  endfacet
  facet normal 0.124757 -0.992187 0.000000
    outer loop
      vertex -30.722943 21.413719 0.000000
      vertex -31.916028 21.263702 30.000000
      vertex -31.916028 21.263702 0.000000
    endloop
  endfacet
  facet normal 0.137225 -0.990540 0.000000
    outer loop
      vertex -31.916028 21.263702 0.000000
      vertex -31.916028 21.263702 30.000000
      vertex -33.069547 21.103898 30.000000
    endloop
  endfacet
  facet normal 0.137225 -0.990540 0.000000
    outer loop
      vertex -31.916028 21.263702 0.000000
      vertex -33.069547 21.103898 30.000000
      vertex -33.069547 21.103898 0.000000
    endloop
  endfacet
  facet normal 0.150263 -0.988646 0.000000
    outer loop
      vertex -33.069547 21.103898 0.000000
      vertex -33.069547 21.103898 30.000000
      vertex -34.185525 20.934282 30.000000
    endloop
  endfacet
  facet normal 0.150263 -0.988646 0.000000
    outer loop
      vertex -33.069547 21.103898 0.000000
      vertex -34.185525 20.934282 30.000000
      vertex -34.185525 20.934282 0.000000
    endloop
  endfacet
  facet normal 0.163892 -0.986478 0.000000
    outer loop
      vertex -34.185525 20.934282 0.000000
      vertex -34.185525 20.934282 30.000000
      vertex -35.265686 20.754825 30.000000
    endloop
  endfacet
  facet normal 0.163892 -0.986478 0.000000
    outer loop
      vertex -34.185525 20.934282 0.000000
      vertex -35.265686 20.754825 30.000000
      vertex -35.265686 20.754825 0.000000
    endloop
  endfacet
  facet normal 0.178140 -0.984005 0.000000
    outer loop
      vertex -35.265686 20.754825 0.000000
      vertex -35.265686 20.754825 30.000000
      vertex -36.311508 20.565495 30.000000
    endloop
  endfacet
  facet normal 0.178140 -0.984005 0.000000
    outer loop
      vertex -35.265686 20.754825 0.000000
      vertex -36.311508 20.565495 30.000000
      vertex -36.311508 20.565495 0.000000
    endloop
  endfacet
  facet normal 0.193033 -0.981192 0.000000
    outer loop
      vertex -36.311508 20.565495 0.000000
      vertex -36.311508 20.565495 30.000000
      vertex -37.324261 20.366253 30.000000
    endloop
  endfacet
  facet normal 0.193033 -0.981192 0.000000
    outer loop
      vertex -36.311508 20.565495 0.000000
      vertex -37.324261 20.366253 30.000000
      vertex -37.324261 20.366253 0.000000
    endloop
  endfacet
  facet normal 0.208601 -0.978001 0.000000
    outer loop
      vertex -37.324261 20.366253 0.000000
      vertex -37.324261 20.366253 30.000000
      vertex -38.305047 20.157058 30.000000
    endloop
  endfacet
  facet normal 0.208601 -0.978001 0.000000
    outer loop
      vertex -37.324261 20.366253 0.000000
      vertex -38.305047 20.157058 30.000000
      vertex -38.305047 20.157058 0.000000
    endloop
  endfacet
  facet normal 0.224875 -0.974388 0.000000
    outer loop
      vertex -38.305047 20.157058 0.000000
      vertex -38.305047 20.157058 30.000000
      vertex -39.254825 19.937862 30.000000
    endloop
  endfacet
  facet normal 0.224875 -0.974388 0.000000
    outer loop
      vertex -38.305047 20.157058 0.000000
      vertex -39.254825 19.937862 30.000000
      vertex -39.254825 19.937862 0.000000
    endloop
  endfacet
  facet normal 0.241889 -0.970304 0.000000
    outer loop
      vertex -39.254825 19.937862 0.000000
      vertex -39.254825 19.937862 30.000000
      vertex -40.174428 19.708612 30.000000
    endloop
  endfacet
  facet normal 0.241889 -0.970304 0.000000
    outer loop
      vertex -39.254825 19.937862 0.000000
      vertex -40.174428 19.708612 30.000000
      vertex -40.174428 19.708612 0.000000
    endloop
  endfacet
  facet normal 0.259676 -0.965696 0.000000
    outer loop
      vertex -40.174428 19.708612 0.000000
      vertex -40.174428 19.708612 30.000000
      vertex -41.064589 19.469248 30.000000
    endloop
  endfacet
  facet normal 0.259676 -0.965696 0.000000
    outer loop
      vertex -40.174428 19.708612 0.000000
      vertex -41.064589 19.469248 30.000000
      vertex -41.064589 19.469248 0.000000
    endloop
  endfacet
  facet normal 0.278269 -0.960503 0.000000
    outer loop
      vertex -41.064589 19.469248 0.000000
      vertex -41.064589 19.469248 30.000000
      vertex -41.925949 19.219702 30.000000
    endloop
  endfacet
  facet normal 0.278269 -0.960503 0.000000
    outer loop
      vertex -41.064589 19.469248 0.000000
      vertex -41.925949 19.219702 30.000000
      vertex -41.925949 19.219702 0.000000
    endloop
  endfacet
  facet normal 0.297705 -0.954658 0.000000
    outer loop
      vertex -41.925949 19.219702 0.000000
      vertex -41.925949 19.219702 30.000000
      vertex -42.759074 18.959897 30.000000
    endloop
  endfacet
  facet normal 0.297705 -0.954658 0.000000
    outer loop
      vertex -41.925949 19.219702 0.000000
      vertex -42.759074 18.959897 30.000000
      vertex -42.759074 18.959897 0.000000
    endloop
  endfacet
  facet normal 0.318015 -0.948086 0.000000
    outer loop
      vertex -42.759074 18.959897 0.000000
      vertex -42.759074 18.959897 30.000000
      vertex -43.564460 18.689747 30.000000
    endloop
  endfacet
  facet normal 0.318015 -0.948086 0.000000
    outer loop
      vertex -42.759074 18.959897 0.000000
      vertex -43.564460 18.689747 30.000000
      vertex -43.564460 18.689747 0.000000
    endloop
  endfacet
  facet normal 0.339232 -0.940703 0.000000
    outer loop
      vertex -43.564460 18.689747 0.000000
      vertex -43.564460 18.689747 30.000000
      vertex -44.342549 18.409157 30.000000
    endloop
  endfacet
  facet normal 0.339232 -0.940703 0.000000
    outer loop
      vertex -43.564460 18.689747 0.000000
      vertex -44.342549 18.409157 30.000000
      vertex -44.342549 18.409157 0.000000
    endloop
  endfacet
  facet normal 0.361384 -0.932417 0.000000
    outer loop
      vertex -44.342549 18.409157 0.000000
      vertex -44.342549 18.409157 30.000000
      vertex -45.093729 18.118016 30.000000
    endloop
  endfacet
  facet normal 0.361384 -0.932417 0.000000
    outer loop
      vertex -44.342549 18.409157 0.000000
      vertex -45.093729 18.118016 30.000000
      vertex -45.093729 18.118016 0.000000
    endloop
  endfacet
  facet normal 0.384496 -0.923127 0.000000
    outer loop
      vertex -45.093729 18.118016 0.000000
      vertex -45.093729 18.118016 30.000000
      vertex -45.818346 17.816203 30.000000
    endloop
  endfacet
  facet normal 0.384496 -0.923127 0.000000
    outer loop
      vertex -45.093729 18.118016 0.000000
      vertex -45.818346 17.816203 30.000000
      vertex -45.818346 17.816203 0.000000
    endloop
  endfacet
  facet normal 0.408585 -0.912720 0.000000
    outer loop
      vertex -45.818346 17.816203 0.000000
      vertex -45.818346 17.816203 30.000000
      vertex -46.516704 17.503578 30.000000
    endloop
  endfacet
  facet normal 0.408585 -0.912720 0.000000
    outer loop
      vertex -45.818346 17.816203 0.000000
      vertex -46.516704 17.503578 30.000000
      vertex -46.516704 17.503578 0.000000
    endloop
  endfacet
  facet normal 0.433661 -0.901076 0.000000
    outer loop
      vertex -46.516704 17.503578 0.000000
      vertex -46.516704 17.503578 30.000000
      vertex -47.189076 17.179985 30.000000
    endloop
  endfacet
  facet normal 0.433661 -0.901076 0.000000
    outer loop
      vertex -46.516704 17.503578 0.000000
      vertex -47.189076 17.179985 30.000000
      vertex -47.189076 17.179985 0.000000
    endloop
  endfacet
  facet normal 0.459722 -0.888063 0.000000
    outer loop
      vertex -47.189076 17.179985 0.000000
      vertex -47.189076 17.179985 30.000000
      vertex -47.835702 16.845247 30.000000
    endloop
  endfacet
  facet normal 0.459722 -0.888063 0.000000
    outer loop
      vertex -47.189076 17.179985 0.000000
      vertex -47.835702 16.845247 30.000000
      vertex -47.835702 16.845247 0.000000
    endloop
  endfacet
  facet normal 0.486750 -0.873541 0.000000
    outer loop
      vertex -47.835702 16.845247 0.000000
      vertex -47.835702 16.845247 30.000000
      vertex -48.456795 16.499165 30.000000
    endloop
  endfacet
  facet normal 0.486750 -0.873541 0.000000
    outer loop
      vertex -47.835702 16.845247 0.000000
      vertex -48.456795 16.499165 30.000000
      vertex -48.456795 16.499165 0.000000
    endloop
  endfacet
  facet normal 0.514711 -0.857364 0.000000
    outer loop
      vertex -48.456795 16.499165 0.000000
      vertex -48.456795 16.499165 30.000000
      vertex -49.052546 16.141511 30.000000
    endloop
  endfacet
  facet normal 0.514711 -0.857364 0.000000
    outer loop
      vertex -48.456795 16.499165 0.000000
      vertex -49.052546 16.141511 30.000000
      vertex -49.052546 16.141511 0.000000
    endloop
  endfacet
  facet normal 0.543548 -0.839378 0.000000
    outer loop
      vertex -49.052546 16.141511 0.000000
      vertex -49.052546 16.141511 30.000000
      vertex -49.623124 15.772028 30.000000
    endloop
  endfacet
  facet normal 0.543548 -0.839378 0.000000
    outer loop
      vertex -49.052546 16.141511 0.000000
      vertex -49.623124 15.772028 30.000000
      vertex -49.623124 15.772028 0.000000
    endloop
  endfacet
  facet normal 0.573179 -0.819430 0.000000
    outer loop
      vertex -49.623124 15.772028 0.000000
      vertex -49.623124 15.772028 30.000000
      vertex -50.168678 15.390421 30.000000
    endloop
  endfacet
  facet normal 0.573179 -0.819430 0.000000
    outer loop
      vertex -49.623124 15.772028 0.000000
      vertex -50.168678 15.390421 30.000000
      vertex -50.168678 15.390421 0.000000
    endloop
  endfacet
  facet normal 0.603492 -0.797369 0.000000
    outer loop
      vertex -50.168678 15.390421 0.000000
      vertex -50.168678 15.390421 30.000000
      vertex -50.689341 14.996355 30.000000
    endloop
  endfacet
  facet normal 0.603492 -0.797369 0.000000
    outer loop
      vertex -50.168678 15.390421 0.000000
      vertex -50.689341 14.996355 30.000000
      vertex -50.689341 14.996355 0.000000
    endloop
  endfacet
  facet normal 0.634340 -0.773054 0.000000
    outer loop
      vertex -50.689341 14.996355 0.000000
      vertex -50.689341 14.996355 30.000000
      vertex -51.185231 14.589445 30.000000
    endloop
  endfacet
  facet normal 0.634340 -0.773054 0.000000
    outer loop
      vertex -50.689341 14.996355 0.000000
      vertex -51.185231 14.589445 30.000000
      vertex -51.185231 14.589445 0.000000
    endloop
  endfacet
  facet normal 0.665541 -0.746361 0.000000
    outer loop
      vertex -51.185231 14.589445 0.000000
      vertex -51.185231 14.589445 30.000000
      vertex -51.656454 14.169249 30.000000
    endloop
  endfacet
  facet normal 0.665541 -0.746361 0.000000
    outer loop
      vertex -51.185231 14.589445 0.000000
      vertex -51.656454 14.169249 30.000000
      vertex -51.656454 14.169249 0.000000
    endloop
  endfacet
  facet normal 0.696874 -0.717193 0.000000
    outer loop
      vertex -51.656454 14.169249 0.000000
      vertex -51.656454 14.169249 30.000000
      vertex -52.103102 13.735256 30.000000
    endloop
  endfacet
  facet normal 0.696874 -0.717193 0.000000
    outer loop
      vertex -51.656454 14.169249 0.000000
      vertex -52.103102 13.735256 30.000000
      vertex -52.103102 13.735256 0.000000
    endloop
  endfacet
  facet normal 0.728082 -0.685490 0.000000
    outer loop
      vertex -52.103102 13.735256 0.000000
      vertex -52.103102 13.735256 30.000000
      vertex -52.525257 13.286872 30.000000
    endloop
  endfacet
  facet normal 0.728082 -0.685490 0.000000
    outer loop
      vertex -52.103102 13.735256 0.000000
      vertex -52.525257 13.286872 30.000000
      vertex -52.525257 13.286872 0.000000
    endloop
  endfacet
  facet normal 0.758871 -0.651241 0.000000
    outer loop
      vertex -52.525257 13.286872 0.000000
      vertex -52.525257 13.286872 30.000000
      vertex -52.922991 12.823404 30.000000
    endloop
  endfacet
  facet normal 0.758871 -0.651241 0.000000
    outer loop
      vertex -52.525257 13.286872 0.000000
      vertex -52.922991 12.823404 30.000000
      vertex -52.922991 12.823404 0.000000
    endloop
  endfacet
  facet normal 0.788922 -0.614493 0.000000
    outer loop
      vertex -52.922991 12.823404 0.000000
      vertex -52.922991 12.823404 30.000000
      vertex -53.296369 12.344040 30.000000
    endloop
  endfacet
  facet normal 0.788922 -0.614493 0.000000
    outer loop
      vertex -52.922991 12.823404 0.000000
      vertex -53.296369 12.344040 30.000000
      vertex -53.296369 12.344040 0.000000
    endloop
  endfacet
  facet normal 0.817898 -0.575364 0.000000
    outer loop
      vertex -53.296369 12.344040 0.000000
      vertex -53.296369 12.344040 30.000000
      vertex -53.645446 11.847814 30.000000
    endloop
  endfacet
  facet normal 0.817898 -0.575364 0.000000
    outer loop
      vertex -53.296369 12.344040 0.000000
      vertex -53.645446 11.847814 30.000000
      vertex -53.645446 11.847814 0.000000
    endloop
  endfacet
  facet normal 0.845454 -0.534048 0.000000
    outer loop
      vertex -53.645446 11.847814 0.000000
      vertex -53.645446 11.847814 30.000000
      vertex -53.970274 11.333578 30.000000
    endloop
  endfacet
  facet normal 0.845454 -0.534048 0.000000
    outer loop
      vertex -53.645446 11.847814 0.000000
      vertex -53.970274 11.333578 30.000000
      vertex -53.970274 11.333578 0.000000
    endloop
  endfacet
  facet normal 0.871261 -0.490821 0.000000
    outer loop
      vertex -53.970274 11.333578 0.000000
      vertex -53.970274 11.333578 30.000000
      vertex -54.270895 10.799944 30.000000
    endloop
  endfacet
  facet normal 0.871261 -0.490821 0.000000
    outer loop
      vertex -53.970274 11.333578 0.000000
      vertex -54.270895 10.799944 30.000000
      vertex -54.270895 10.799944 0.000000
    endloop
  endfacet
  facet normal 0.895015 -0.446037 0.000000
    outer loop
      vertex -54.270895 10.799944 0.000000
      vertex -54.270895 10.799944 30.000000
      vertex -54.547347 10.245217 30.000000
    endloop
  endfacet
  facet normal 0.895015 -0.446037 0.000000
    outer loop
      vertex -54.270895 10.799944 0.000000
      vertex -54.547347 10.245217 30.000000
      vertex -54.547347 10.245217 0.000000
    endloop
  endfacet
  facet normal 0.916461 -0.400123 0.000000
    outer loop
      vertex -54.547347 10.245217 0.000000
      vertex -54.547347 10.245217 30.000000
      vertex -54.799663 9.667299 30.000000
    endloop
  endfacet
  facet normal 0.916461 -0.400123 0.000000
    outer loop
      vertex -54.547347 10.245217 0.000000
      vertex -54.799663 9.667299 30.000000
      vertex -54.799663 9.667299 0.000000
    endloop
  endfacet
  facet normal 0.935407 -0.353572 0.000000
    outer loop
      vertex -54.799663 9.667299 0.000000
      vertex -54.799663 9.667299 30.000000
      vertex -55.027873 9.063549 30.000000
    endloop
  endfacet
  facet normal 0.935407 -0.353572 0.000000
    outer loop
      vertex -54.799663 9.667299 0.000000
      vertex -55.027873 9.063549 30.000000
      vertex -55.027873 9.063549 0.000000
    endloop
  endfacet
  facet normal 0.951735 -0.306921 0.000000
    outer loop
      vertex -55.027873 9.063549 0.000000
      vertex -55.027873 9.063549 30.000000
      vertex -55.232000 8.430568 30.000000
    endloop
  endfacet
  facet normal 0.951735 -0.306921 0.000000
    outer loop
      vertex -55.027873 9.063549 0.000000
      vertex -55.232000 8.430568 30.000000
      vertex -55.232000 8.430568 0.000000
    endloop
  endfacet
  facet normal 0.965408 -0.260744 0.000000
    outer loop
      vertex -55.232000 8.430568 0.000000
      vertex -55.232000 8.430568 30.000000
      vertex -55.412067 7.763868 30.000000
    endloop
  endfacet
  facet normal 0.965408 -0.260744 0.000000
    outer loop
      vertex -55.232000 8.430568 0.000000
      vertex -55.412067 7.763868 30.000000
      vertex -55.412067 7.763868 0.000000
    endloop
  endfacet
  facet normal 0.976474 -0.215633 0.000000
    outer loop
      vertex -55.412067 7.763868 0.000000
      vertex -55.412067 7.763868 30.000000
      vertex -55.568092 7.057328 30.000000
    endloop
  endfacet
  facet normal 0.976474 -0.215633 0.000000
    outer loop
      vertex -55.412067 7.763868 0.000000
      vertex -55.568092 7.057328 30.000000
      vertex -55.568092 7.057328 0.000000
    endloop
  endfacet
  facet normal 0.985063 -0.172194 0.000000
    outer loop
      vertex -55.568092 7.057328 0.000000
      vertex -55.568092 7.057328 30.000000
      vertex -55.700088 6.302220 30.000000
    endloop
  endfacet
  facet normal 0.985063 -0.172194 0.000000
    outer loop
      vertex -55.568092 7.057328 0.000000
      vertex -55.700088 6.302220 30.000000
      vertex -55.700088 6.302220 0.000000
    endloop
  endfacet
  facet normal 0.991376 -0.131048 0.000000
    outer loop
      vertex -55.700088 6.302220 0.000000
      vertex -55.700088 6.302220 30.000000
      vertex -55.808069 5.485347 30.000000
    endloop
  endfacet
  facet normal 0.991376 -0.131048 0.000000
    outer loop
      vertex -55.700088 6.302220 0.000000
      vertex -55.808069 5.485347 30.000000
      vertex -55.808069 5.485347 0.000000
    endloop
  endfacet
  facet normal 0.995679 -0.092862 0.000000
    outer loop
      vertex -55.808069 5.485347 0.000000
      vertex -55.808069 5.485347 30.000000
      vertex -55.892044 4.584950 30.000000
    endloop
  endfacet
  facet normal 0.995679 -0.092862 0.000000
    outer loop
      vertex -55.808069 5.485347 0.000000
      vertex -55.892044 4.584950 30.000000
      vertex -55.892044 4.584950 0.000000
    endloop
  endfacet
  facet normal 0.998293 -0.058409 0.000000
    outer loop
      vertex -55.892044 4.584950 0.000000
      vertex -55.892044 4.584950 30.000000
      vertex -55.952021 3.559858 30.000000
    endloop
  endfacet
  facet normal 0.998293 -0.058409 0.000000
    outer loop
      vertex -55.892044 4.584950 0.000000
      vertex -55.952021 3.559858 30.000000
      vertex -55.952021 3.559858 0.000000
    endloop
  endfacet
  facet normal 0.999587 -0.028751 0.000000
    outer loop
      vertex -55.952021 3.559858 0.000000
      vertex -55.952021 3.559858 30.000000
      vertex -55.988006 2.308777 30.000000
    endloop
  endfacet
  facet normal 0.999587 -0.028751 0.000000
    outer loop
      vertex -55.952021 3.559858 0.000000
      vertex -55.988006 2.308777 30.000000
      vertex -55.988006 2.308777 0.000000
    endloop
  endfacet
  facet normal 0.999987 -0.005195 0.000000
    outer loop
      vertex -55.988006 2.308777 0.000000
      vertex -55.988006 2.308777 30.000000
      vertex -56.000000 0.000000 30.000000
    endloop
  endfacet
  facet normal 0.999987 -0.005195 0.000000
    outer loop
      vertex -55.988006 2.308777 0.000000
      vertex -56.000000 0.000000 30.000000
      vertex -56.000000 0.000000 0.000000
    endloop
  endfacet
  facet normal 0.999987 0.005195 -0.000000
    outer loop
      vertex -56.000000 0.000000 0.000000
      vertex -56.000000 0.000000 30.000000
      vertex -55.988006 -2.308777 30.000000
    endloop
  endfacet
  facet normal 0.999987 0.005195 0.000000
    outer loop
      vertex -56.000000 0.000000 0.000000
      vertex -55.988006 -2.308777 30.000000
      vertex -55.988006 -2.308777 0.000000
    endloop
  endfacet
  facet normal 0.999587 0.028751 -0.000000
    outer loop
      vertex -55.988006 -2.308777 0.000000
      vertex -55.988006 -2.308777 30.000000
      vertex -55.952021 -3.559858 30.000000
    endloop
  endfacet
  facet normal 0.999587 0.028751 0.000000
    outer loop
      vertex -55.988006 -2.308777 0.000000
      vertex -55.952021 -3.559858 30.000000
      vertex -55.952021 -3.559858 0.000000
    endloop
  endfacet
  facet normal 0.998293 0.058409 -0.000000
    outer loop
      vertex -55.952021 -3.559858 0.000000
      vertex -55.952021 -3.559858 30.000000
      vertex -55.892044 -4.584950 30.000000
    endloop
  endfacet
  facet normal 0.998293 0.058409 0.000000
    outer loop
      vertex -55.952021 -3.559858 0.000000
      vertex -55.892044 -4.584950 30.000000
      vertex -55.892044 -4.584950 0.000000
    endloop
  endfacet
  facet normal 0.995679 0.092862 -0.000000
    outer loop
      vertex -55.892044 -4.584950 0.000000
      vertex -55.892044 -4.584950 30.000000
      vertex -55.808069 -5.485347 30.000000
    endloop
  endfacet
  facet normal 0.995679 0.092862 0.000000
    outer loop
      vertex -55.892044 -4.584950 0.000000
      vertex -55.808069 -5.485347 30.000000
      vertex -55.808069 -5.485347 0.000000
    endloop
  endfacet
  facet normal 0.991376 0.131048 -0.000000
    outer loop
      vertex -55.808069 -5.485347 0.000000
      vertex -55.808069 -5.485347 30.000000
      vertex -55.700088 -6.302220 30.000000
    endloop
  endfacet
  facet normal 0.991376 0.131048 0.000000
    outer loop
      vertex -55.808069 -5.485347 0.000000
      vertex -55.700088 -6.302220 30.000000
      vertex -55.700088 -6.302220 0.000000
    endloop
  endfacet
  facet normal 0.985063 0.172194 -0.000000
    outer loop
      vertex -55.700088 -6.302220 0.000000
      vertex -55.700088 -6.302220 30.000000
      vertex -55.568092 -7.057328 30.000000
    endloop
  endfacet
  facet normal 0.985063 0.172194 0.000000
    outer loop
      vertex -55.700088 -6.302220 0.000000
      vertex -55.568092 -7.057328 30.000000
      vertex -55.568092 -7.057328 0.000000
    endloop
  endfacet
  facet normal 0.976474 0.215633 -0.000000
    outer loop
      vertex -55.568092 -7.057328 0.000000
      vertex -55.568092 -7.057328 30.000000
      vertex -55.412067 -7.763868 30.000000
    endloop
  endfacet
  facet normal 0.976474 0.215633 0.000000
    outer loop
      vertex -55.568092 -7.057328 0.000000
      vertex -55.412067 -7.763868 30.000000
      vertex -55.412067 -7.763868 0.000000
    endloop
  endfacet
  facet normal 0.965408 0.260744 -0.000000
    outer loop
      vertex -55.412067 -7.763868 0.000000
      vertex -55.412067 -7.763868 30.000000
      vertex -55.232000 -8.430568 30.000000
    endloop
  endfacet
  facet normal 0.965408 0.260744 0.000000
    outer loop
      vertex -55.412067 -7.763868 0.000000
      vertex -55.232000 -8.430568 30.000000
      vertex -55.232000 -8.430568 0.000000
    endloop
  endfacet
  facet normal 0.951735 0.306921 -0.000000
    outer loop
      vertex -55.232000 -8.430568 0.000000
      vertex -55.232000 -8.430568 30.000000
      vertex -55.027873 -9.063549 30.000000
    endloop
  endfacet
  facet normal 0.951735 0.306921 0.000000
    outer loop
      vertex -55.232000 -8.430568 0.000000
      vertex -55.027873 -9.063549 30.000000
      vertex -55.027873 -9.063549 0.000000
    endloop
  endfacet
  facet normal 0.935407 0.353572 -0.000000
    outer loop
      vertex -55.027873 -9.063549 0.000000
      vertex -55.027873 -9.063549 30.000000
      vertex -54.799663 -9.667299 30.000000
    endloop
  endfacet
  facet normal 0.935407 0.353572 0.000000
    outer loop
      vertex -55.027873 -9.063549 0.000000
      vertex -54.799663 -9.667299 30.000000
      vertex -54.799663 -9.667299 0.000000
    endloop
  endfacet
  facet normal 0.916461 0.400123 -0.000000
    outer loop
      vertex -54.799663 -9.667299 0.000000
      vertex -54.799663 -9.667299 30.000000
      vertex -54.547347 -10.245217 30.000000
    endloop
  endfacet
  facet normal 0.916461 0.400123 0.000000
    outer loop
      vertex -54.799663 -9.667299 0.000000
      vertex -54.547347 -10.245217 30.000000
      vertex -54.547347 -10.245217 0.000000
    endloop
  endfacet
  facet normal 0.895015 0.446037 -0.000000
    outer loop
      vertex -54.547347 -10.245217 0.000000
      vertex -54.547347 -10.245217 30.000000
      vertex -54.270895 -10.799944 30.000000
    endloop
  endfacet
  facet normal 0.895015 0.446037 0.000000
    outer loop
      vertex -54.547347 -10.245217 0.000000
      vertex -54.270895 -10.799944 30.000000
      vertex -54.270895 -10.799944 0.000000
    endloop
  endfacet
  facet normal 0.871261 0.490821 -0.000000
    outer loop
      vertex -54.270895 -10.799944 0.000000
      vertex -54.270895 -10.799944 30.000000
      vertex -53.970274 -11.333578 30.000000
    endloop
  endfacet
  facet normal 0.871261 0.490821 0.000000
    outer loop
      vertex -54.270895 -10.799944 0.000000
      vertex -53.970274 -11.333578 30.000000
      vertex -53.970274 -11.333578 0.000000
    endloop
  endfacet
  facet normal 0.845454 0.534048 -0.000000
    outer loop
      vertex -53.970274 -11.333578 0.000000
      vertex -53.970274 -11.333578 30.000000
      vertex -53.645446 -11.847814 30.000000
    endloop
  endfacet
  facet normal 0.845454 0.534048 0.000000
    outer loop
      vertex -53.970274 -11.333578 0.000000
      vertex -53.645446 -11.847814 30.000000
      vertex -53.645446 -11.847814 0.000000
    endloop
  endfacet
  facet normal 0.817898 0.575364 -0.000000
    outer loop
      vertex -53.645446 -11.847814 0.000000
      vertex -53.645446 -11.847814 30.000000
      vertex -53.296369 -12.344040 30.000000
    endloop
  endfacet
  facet normal 0.817898 0.575364 0.000000
    outer loop
      vertex -53.645446 -11.847814 0.000000
      vertex -53.296369 -12.344040 30.000000
      vertex -53.296369 -12.344040 0.000000
    endloop
  endfacet
  facet normal 0.788922 0.614493 -0.000000
    outer loop
      vertex -53.296369 -12.344040 0.000000
      vertex -53.296369 -12.344040 30.000000
      vertex -52.922991 -12.823404 30.000000
    endloop
  endfacet
  facet normal 0.788922 0.614493 0.000000
    outer loop
      vertex -53.296369 -12.344040 0.000000
      vertex -52.922991 -12.823404 30.000000
      vertex -52.922991 -12.823404 0.000000
    endloop
  endfacet
  facet normal 0.758871 0.651241 -0.000000
    outer loop
      vertex -52.922991 -12.823404 0.000000
      vertex -52.922991 -12.823404 30.000000
      vertex -52.525257 -13.286872 30.000000
    endloop
  endfacet
  facet normal 0.758871 0.651241 0.000000
    outer loop
      vertex -52.922991 -12.823404 0.000000
      vertex -52.525257 -13.286872 30.000000
      vertex -52.525257 -13.286872 0.000000
    endloop
  endfacet
  facet normal 0.728082 0.685490 -0.000000
    outer loop
      vertex -52.525257 -13.286872 0.000000
      vertex -52.525257 -13.286872 30.000000
      vertex -52.103102 -13.735256 30.000000
    endloop
  endfacet
  facet normal 0.728082 0.685490 0.000000
    outer loop
      vertex -52.525257 -13.286872 0.000000
      vertex -52.103102 -13.735256 30.000000
      vertex -52.103102 -13.735256 0.000000
    endloop
  endfacet
  facet normal 0.696874 0.717193 -0.000000
    outer loop
      vertex -52.103102 -13.735256 0.000000
      vertex -52.103102 -13.735256 30.000000
      vertex -51.656454 -14.169249 30.000000
    endloop
  endfacet
  facet normal 0.696874 0.717193 0.000000
    outer loop
      vertex -52.103102 -13.735256 0.000000
      vertex -51.656454 -14.169249 30.000000
      vertex -51.656454 -14.169249 0.000000
    endloop
  endfacet
  facet normal 0.665541 0.746361 -0.000000
    outer loop
      vertex -51.656454 -14.169249 0.000000
      vertex -51.656454 -14.169249 30.000000
      vertex -51.185231 -14.589445 30.000000
    endloop
  endfacet
  facet normal 0.665541 0.746361 0.000000
    outer loop
      vertex -51.656454 -14.169249 0.000000
      vertex -51.185231 -14.589445 30.000000
      vertex -51.185231 -14.589445 0.000000
    endloop
  endfacet
  facet normal 0.634340 0.773054 -0.000000
    outer loop
      vertex -51.185231 -14.589445 0.000000
      vertex -51.185231 -14.589445 30.000000
      vertex -50.689341 -14.996355 30.000000
    endloop
  endfacet
  facet normal 0.634340 0.773054 0.000000
    outer loop
      vertex -51.185231 -14.589445 0.000000
      vertex -50.689341 -14.996355 30.000000
      vertex -50.689341 -14.996355 0.000000
    endloop
  endfacet
  facet normal 0.603492 0.797369 -0.000000
    outer loop
      vertex -50.689341 -14.996355 0.000000
      vertex -50.689341 -14.996355 30.000000
      vertex -50.168678 -15.390421 30.000000
    endloop
  endfacet
  facet normal 0.603492 0.797369 0.000000
    outer loop
      vertex -50.689341 -14.996355 0.000000
      vertex -50.168678 -15.390421 30.000000
      vertex -50.168678 -15.390421 0.000000
    endloop
  endfacet
  facet normal 0.573179 0.819430 -0.000000
    outer loop
      vertex -50.168678 -15.390421 0.000000
      vertex -50.168678 -15.390421 30.000000
      vertex -49.623124 -15.772028 30.000000
    endloop
  endfacet
  facet normal 0.573179 0.819430 0.000000
    outer loop
      vertex -50.168678 -15.390421 0.000000
      vertex -49.623124 -15.772028 30.000000
      vertex -49.623124 -15.772028 0.000000
    endloop
  endfacet
  facet normal 0.543548 0.839378 -0.000000
    outer loop
      vertex -49.623124 -15.772028 0.000000
      vertex -49.623124 -15.772028 30.000000
      vertex -49.052546 -16.141511 30.000000
    endloop
  endfacet
  facet normal 0.543548 0.839378 0.000000
    outer loop
      vertex -49.623124 -15.772028 0.000000
      vertex -49.052546 -16.141511 30.000000
      vertex -49.052546 -16.141511 0.000000
    endloop
  endfacet
  facet normal 0.514711 0.857364 -0.000000
    outer loop
      vertex -49.052546 -16.141511 0.000000
      vertex -49.052546 -16.141511 30.000000
      vertex -48.456795 -16.499165 30.000000
    endloop
  endfacet
  facet normal 0.514711 0.857364 0.000000
    outer loop
      vertex -49.052546 -16.141511 0.000000
      vertex -48.456795 -16.499165 30.000000
      vertex -48.456795 -16.499165 0.000000
    endloop
  endfacet
  facet normal 0.486750 0.873541 -0.000000
    outer loop
      vertex -48.456795 -16.499165 0.000000
      vertex -48.456795 -16.499165 30.000000
      vertex -47.835702 -16.845247 30.000000
    endloop
  endfacet
  facet normal 0.486750 0.873541 0.000000
    outer loop
      vertex -48.456795 -16.499165 0.000000
      vertex -47.835702 -16.845247 30.000000
      vertex -47.835702 -16.845247 0.000000
    endloop
  endfacet
  facet normal 0.459722 0.888063 -0.000000
    outer loop
      vertex -47.835702 -16.845247 0.000000
      vertex -47.835702 -16.845247 30.000000
      vertex -47.189076 -17.179985 30.000000
    endloop
  endfacet
  facet normal 0.459722 0.888063 0.000000
    outer loop
      vertex -47.835702 -16.845247 0.000000
      vertex -47.189076 -17.179985 30.000000
      vertex -47.189076 -17.179985 0.000000
    endloop
  endfacet
  facet normal 0.433661 0.901076 -0.000000
    outer loop
      vertex -47.189076 -17.179985 0.000000
      vertex -47.189076 -17.179985 30.000000
      vertex -46.516704 -17.503578 30.000000
    endloop
  endfacet
  facet normal 0.433661 0.901076 0.000000
    outer loop
      vertex -47.189076 -17.179985 0.000000
      vertex -46.516704 -17.503578 30.000000
      vertex -46.516704 -17.503578 0.000000
    endloop
  endfacet
  facet normal 0.408585 0.912720 -0.000000
    outer loop
      vertex -46.516704 -17.503578 0.000000
      vertex -46.516704 -17.503578 30.000000
      vertex -45.818346 -17.816203 30.000000
    endloop
  endfacet
  facet normal 0.408585 0.912720 0.000000
    outer loop
      vertex -46.516704 -17.503578 0.000000
      vertex -45.818346 -17.816203 30.000000
      vertex -45.818346 -17.816203 0.000000
    endloop
  endfacet
  facet normal 0.384496 0.923127 -0.000000
    outer loop
      vertex -45.818346 -17.816203 0.000000
      vertex -45.818346 -17.816203 30.000000
      vertex -45.093729 -18.118016 30.000000
    endloop
  endfacet
  facet normal 0.384496 0.923127 0.000000
    outer loop
      vertex -45.818346 -17.816203 0.000000
      vertex -45.093729 -18.118016 30.000000
      vertex -45.093729 -18.118016 0.000000
    endloop
  endfacet
  facet normal 0.361384 0.932417 -0.000000
    outer loop
      vertex -45.093729 -18.118016 0.000000
      vertex -45.093729 -18.118016 30.000000
      vertex -44.342549 -18.409157 30.000000
    endloop
  endfacet
  facet normal 0.361384 0.932417 0.000000
    outer loop
      vertex -45.093729 -18.118016 0.000000
      vertex -44.342549 -18.409157 30.000000
      vertex -44.342549 -18.409157 0.000000
    endloop
  endfacet
  facet normal 0.339232 0.940703 -0.000000
    outer loop
      vertex -44.342549 -18.409157 0.000000
      vertex -44.342549 -18.409157 30.000000
      vertex -43.564460 -18.689747 30.000000
    endloop
  endfacet
  facet normal 0.339232 0.940703 0.000000
    outer loop
      vertex -44.342549 -18.409157 0.000000
      vertex -43.564460 -18.689747 30.000000
      vertex -43.564460 -18.689747 0.000000
    endloop
  endfacet
  facet normal 0.318015 0.948086 -0.000000
    outer loop
      vertex -43.564460 -18.689747 0.000000
      vertex -43.564460 -18.689747 30.000000
      vertex -42.759074 -18.959897 30.000000
    endloop
  endfacet
  facet normal 0.318015 0.948086 0.000000
    outer loop
      vertex -43.564460 -18.689747 0.000000
      vertex -42.759074 -18.959897 30.000000
      vertex -42.759074 -18.959897 0.000000
    endloop
  endfacet
  facet normal 0.297705 0.954658 -0.000000
    outer loop
      vertex -42.759074 -18.959897 0.000000
      vertex -42.759074 -18.959897 30.000000
      vertex -41.925949 -19.219702 30.000000
    endloop
  endfacet
  facet normal 0.297705 0.954658 0.000000
    outer loop
      vertex -42.759074 -18.959897 0.000000
      vertex -41.925949 -19.219702 30.000000
      vertex -41.925949 -19.219702 0.000000
    endloop
  endfacet
  facet normal 0.278269 0.960503 -0.000000
    outer loop
      vertex -41.925949 -19.219702 0.000000
      vertex -41.925949 -19.219702 30.000000
      vertex -41.064589 -19.469248 30.000000
    endloop
  endfacet
  facet normal 0.278269 0.960503 0.000000
    outer loop
      vertex -41.925949 -19.219702 0.000000
      vertex -41.064589 -19.469248 30.000000
      vertex -41.064589 -19.469248 0.000000
    endloop
  endfacet
  facet normal 0.259676 0.965696 -0.000000
    outer loop
      vertex -41.064589 -19.469248 0.000000
      vertex -41.064589 -19.469248 30.000000
      vertex -40.174428 -19.708612 30.000000
    endloop
  endfacet
  facet normal 0.259676 0.965696 0.000000
    outer loop
      vertex -41.064589 -19.469248 0.000000
      vertex -40.174428 -19.708612 30.000000
      vertex -40.174428 -19.708612 0.000000
    endloop
  endfacet
  facet normal 0.241889 0.970304 -0.000000
    outer loop
      vertex -40.174428 -19.708612 0.000000
      vertex -40.174428 -19.708612 30.000000
      vertex -39.254825 -19.937862 30.000000
    endloop
  endfacet
  facet normal 0.241889 0.970304 0.000000
    outer loop
      vertex -40.174428 -19.708612 0.000000
      vertex -39.254825 -19.937862 30.000000
      vertex -39.254825 -19.937862 0.000000
    endloop
  endfacet
  facet normal 0.224875 0.974388 -0.000000
    outer loop
      vertex -39.254825 -19.937862 0.000000
      vertex -39.254825 -19.937862 30.000000
      vertex -38.305047 -20.157058 30.000000
    endloop
  endfacet
  facet normal 0.224875 0.974388 0.000000
    outer loop
      vertex -39.254825 -19.937862 0.000000
      vertex -38.305047 -20.157058 30.000000
      vertex -38.305047 -20.157058 0.000000
    endloop
  endfacet
  facet normal 0.208601 0.978001 -0.000000
    outer loop
      vertex -38.305047 -20.157058 0.000000
      vertex -38.305047 -20.157058 30.000000
      vertex -37.324261 -20.366253 30.000000
    endloop
  endfacet
  facet normal 0.208601 0.978001 0.000000
    outer loop
      vertex -38.305047 -20.157058 0.000000
      vertex -37.324261 -20.366253 30.000000
      vertex -37.324261 -20.366253 0.000000
    endloop
  endfacet
  facet normal 0.193033 0.981192 -0.000000
    outer loop
      vertex -37.324261 -20.366253 0.000000
      vertex -37.324261 -20.366253 30.000000
      vertex -36.311508 -20.565495 30.000000
    endloop
  endfacet
  facet normal 0.193033 0.981192 0.000000
    outer loop
      vertex -37.324261 -20.366253 0.000000
      vertex -36.311508 -20.565495 30.000000
      vertex -36.311508 -20.565495 0.000000
    endloop
  endfacet
  facet normal 0.178140 0.984005 -0.000000
    outer loop
      vertex -36.311508 -20.565495 0.000000
      vertex -36.311508 -20.565495 30.000000
      vertex -35.265686 -20.754825 30.000000
    endloop
  endfacet
  facet normal 0.178140 0.984005 0.000000
    outer loop
      vertex -36.311508 -20.565495 0.000000
      vertex -35.265686 -20.754825 30.000000
      vertex -35.265686 -20.754825 0.000000
    endloop
  endfacet
  facet normal 0.163892 0.986478 -0.000000
    outer loop
      vertex -35.265686 -20.754825 0.000000
      vertex -35.265686 -20.754825 30.000000
      vertex -34.185525 -20.934282 30.000000
    endloop
  endfacet
  facet normal 0.163892 0.986478 0.000000
    outer loop
      vertex -35.265686 -20.754825 0.000000
      vertex -34.185525 -20.934282 30.000000
      vertex -34.185525 -20.934282 0.000000
    endloop
  endfacet
  facet normal 0.150263 0.988646 -0.000000
    outer loop
      vertex -34.185525 -20.934282 0.000000
      vertex -34.185525 -20.934282 30.000000
      vertex -33.069547 -21.103898 30.000000
    endloop
  endfacet
  facet normal 0.150263 0.988646 0.000000
    outer loop
      vertex -34.185525 -20.934282 0.000000
      vertex -33.069547 -21.103898 30.000000
      vertex -33.069547 -21.103898 0.000000
    endloop
  endfacet
  facet normal 0.137225 0.990540 -0.000000
    outer loop
      vertex -33.069547 -21.103898 0.000000
      vertex -33.069547 -21.103898 30.000000
      vertex -31.916028 -21.263702 30.000000
    endloop
  endfacet
  facet normal 0.137225 0.990540 0.000000
    outer loop
      vertex -33.069547 -21.103898 0.000000
      vertex -31.916028 -21.263702 30.000000
      vertex -31.916028 -21.263702 0.000000
    endloop
  endfacet
  facet normal 0.124757 0.992187 -0.000000
    outer loop
      vertex -31.916028 -21.263702 0.000000
      vertex -31.916028 -21.263702 30.000000
      vertex -30.722943 -21.413719 30.000000
    endloop
  endfacet
  facet normal 0.124757 0.992187 0.000000
    outer loop
      vertex -31.916028 -21.263702 0.000000
      vertex -30.722943 -21.413719 30.000000
      vertex -30.722943 -21.413719 0.000000
    endloop
  endfacet
  facet normal 0.112837 0.993614 -0.000000
    outer loop
      vertex -30.722943 -21.413719 0.000000
      vertex -30.722943 -21.413719 30.000000
      vertex -29.487894 -21.553974 30.000000
    endloop
  endfacet
  facet normal 0.112837 0.993614 0.000000
    outer loop
      vertex -30.722943 -21.413719 0.000000
      vertex -29.487894 -21.553974 30.000000
      vertex -29.487894 -21.553974 0.000000
    endloop
  endfacet
  facet normal 0.101446 0.994841 -0.000000
    outer loop
      vertex -29.487894 -21.553974 0.000000
      vertex -29.487894 -21.553974 30.000000
      vertex -28.208017 -21.684485 30.000000
    endloop
  endfacet
  facet normal 0.101446 0.994841 0.000000
    outer loop
      vertex -29.487894 -21.553974 0.000000
      vertex -28.208017 -21.684485 30.000000
      vertex -28.208017 -21.684485 0.000000
    endloop
  endfacet
  facet normal 0.090568 0.995890 -0.000000
    outer loop
      vertex -28.208017 -21.684485 0.000000
      vertex -28.208017 -21.684485 30.000000
      vertex -26.879860 -21.805270 30.000000
    endloop
  endfacet
  facet normal 0.090568 0.995890 0.000000
    outer loop
      vertex -28.208017 -21.684485 0.000000
      vertex -26.879860 -21.805270 30.000000
      vertex -26.879860 -21.805270 0.000000
    endloop
  endfacet
  facet normal 0.080192 0.996779 -0.000000
    outer loop
      vertex -26.879860 -21.805270 0.000000
      vertex -26.879860 -21.805270 30.000000
      vertex -25.499206 -21.916345 30.000000
    endloop
  endfacet
  facet normal 0.080192 0.996779 0.000000
    outer loop
      vertex -26.879860 -21.805270 0.000000
      vertex -25.499206 -21.916345 30.000000
      vertex -25.499206 -21.916345 0.000000
    endloop
  endfacet
  facet normal 0.070306 0.997525 -0.000000
    outer loop
      vertex -25.499206 -21.916345 0.000000
      vertex -25.499206 -21.916345 30.000000
      vertex -24.060834 -22.017722 30.000000
    endloop
  endfacet
  facet normal 0.070306 0.997525 0.000000
    outer loop
      vertex -25.499206 -21.916345 0.000000
      vertex -24.060834 -22.017722 30.000000
      vertex -24.060834 -22.017722 0.000000
    endloop
  endfacet
  facet normal 0.060906 0.998144 -0.000000
    outer loop
      vertex -24.060834 -22.017722 0.000000
      vertex -24.060834 -22.017722 30.000000
      vertex -22.558167 -22.109413 30.000000
    endloop
  endfacet
  facet normal 0.060906 0.998144 0.000000
    outer loop
      vertex -24.060834 -22.017722 0.000000
      vertex -22.558167 -22.109413 30.000000
      vertex -22.558167 -22.109413 0.000000
    endloop
  endfacet
  facet normal 0.051989 0.998648 -0.000000
    outer loop
      vertex -22.558167 -22.109413 0.000000
      vertex -22.558167 -22.109413 30.000000
      vertex -20.982747 -22.191429 30.000000
    endloop
  endfacet
  facet normal 0.051989 0.998648 0.000000
    outer loop
      vertex -22.558167 -22.109413 0.000000
      vertex -20.982747 -22.191429 30.000000
      vertex -20.982747 -22.191429 0.000000
    endloop
  endfacet
  facet normal 0.043559 0.999051 -0.000000
    outer loop
      vertex -20.982747 -22.191429 0.000000
      vertex -20.982747 -22.191429 30.000000
      vertex -19.323406 -22.263777 30.000000
    endloop
  endfacet
  facet normal 0.043559 0.999051 0.000000
    outer loop
      vertex -20.982747 -22.191429 0.000000
      vertex -19.323406 -22.263777 30.000000
      vertex -19.323406 -22.263777 0.000000
    endloop
  endfacet
  facet normal 0.035626 0.999365 -0.000000
    outer loop
      vertex -19.323406 -22.263777 0.000000
      vertex -19.323406 -22.263777 30.000000
      vertex -17.564905 -22.326465 30.000000
    endloop
  endfacet
  facet normal 0.035626 0.999365 0.000000
    outer loop
      vertex -19.323406 -22.263777 0.000000
      vertex -17.564905 -22.326465 30.000000
      vertex -17.564905 -22.326465 0.000000
    endloop
  endfacet
  facet normal 0.028208 0.999602 -0.000000
    outer loop
      vertex -17.564905 -22.326465 0.000000
      vertex -17.564905 -22.326465 30.000000
      vertex -15.685525 -22.379500 30.000000
    endloop
  endfacet
  facet normal 0.028208 0.999602 0.000000
    outer loop
      vertex -17.564905 -22.326465 0.000000
      vertex -15.685525 -22.379500 30.000000
      vertex -15.685525 -22.379500 0.000000
    endloop
  endfacet
  facet normal 0.021335 0.999772 -0.000000
    outer loop
      vertex -15.685525 -22.379500 0.000000
      vertex -15.685525 -22.379500 30.000000
      vertex -13.652420 -22.422885 30.000000
    endloop
  endfacet
  facet normal 0.021335 0.999772 0.000000
    outer loop
      vertex -15.685525 -22.379500 0.000000
      vertex -13.652420 -22.422885 30.000000
      vertex -13.652420 -22.422885 0.000000
    endloop
  endfacet
  facet normal 0.015054 0.999887 -0.000000
    outer loop
      vertex -13.652420 -22.422885 0.000000
      vertex -13.652420 -22.422885 30.000000
      vertex -11.411430 -22.456625 30.000000
    endloop
  endfacet
  facet normal 0.015054 0.999887 0.000000
    outer loop
      vertex -13.652420 -22.422885 0.000000
      vertex -11.411430 -22.456625 30.000000
      vertex -11.411430 -22.456625 0.000000
    endloop
  endfacet
  facet normal 0.009445 0.999955 -0.000000
    outer loop
      vertex -11.411430 -22.456625 0.000000
      vertex -11.411430 -22.456625 30.000000
      vertex -8.860090 -22.480723 30.000000
    endloop
  endfacet
  facet normal 0.009445 0.999955 0.000000
    outer loop
      vertex -11.411430 -22.456625 0.000000
      vertex -8.860090 -22.480723 30.000000
      vertex -8.860090 -22.480723 0.000000
    endloop
  endfacet
  facet normal 0.004643 0.999989 -0.000000
    outer loop
      vertex -8.860090 -22.480723 0.000000
      vertex -8.860090 -22.480723 30.000000
      vertex -5.746288 -22.495181 30.000000
    endloop
  endfacet
  facet normal 0.004643 0.999989 0.000000
    outer loop
      vertex -8.860090 -22.480723 0.000000
      vertex -5.746288 -22.495181 30.000000
      vertex -5.746288 -22.495181 0.000000
    endloop
  endfacet
  facet normal 0.000839 1.000000 -0.000000
    outer loop
      vertex -5.746288 -22.495181 0.000000
      vertex -5.746288 -22.495181 30.000000
      vertex -0.000000 -22.500000 30.000000
    endloop
  endfacet
  facet normal 0.000839 1.000000 0.000000
    outer loop
      vertex -5.746288 -22.495181 0.000000
      vertex -0.000000 -22.500000 30.000000
      vertex -0.000000 -22.500000 0.000000
    endloop
  endfacet
  facet normal -0.000839 1.000000 0.000000
    outer loop
      vertex -0.000000 -22.500000 0.000000
      vertex -0.000000 -22.500000 30.000000
      vertex 5.746288 -22.495181 30.000000
    endloop
  endfacet
  facet normal -0.000839 1.000000 0.000000
    outer loop
      vertex -0.000000 -22.500000 0.000000
      vertex 5.746288 -22.495181 30.000000
      vertex 5.746288 -22.495181 0.000000
    endloop
  endfacet
  facet normal -0.004643 0.999989 0.000000
    outer loop
      vertex 5.746288 -22.495181 0.000000
      vertex 5.746288 -22.495181 30.000000
      vertex 8.860090 -22.480723 30.000000
    endloop
  endfacet
  facet normal -0.004643 0.999989 0.000000
    outer loop
      vertex 5.746288 -22.495181 0.000000
      vertex 8.860090 -22.480723 30.000000
      vertex 8.860090 -22.480723 0.000000
    endloop
  endfacet
  facet normal -0.009445 0.999955 0.000000
    outer loop
      vertex 8.860090 -22.480723 0.000000
      vertex 8.860090 -22.480723 30.000000
      vertex 11.411430 -22.456625 30.000000
    endloop
  endfacet
  facet normal -0.009445 0.999955 0.000000
    outer loop
      vertex 8.860090 -22.480723 0.000000
      vertex 11.411430 -22.456625 30.000000
      vertex 11.411430 -22.456625 0.000000
    endloop
  endfacet
  facet normal -0.015054 0.999887 0.000000
    outer loop
      vertex 11.411430 -22.456625 0.000000
      vertex 11.411430 -22.456625 30.000000
      vertex 13.652420 -22.422885 30.000000
    endloop
  endfacet
  facet normal -0.015054 0.999887 0.000000
    outer loop
      vertex 11.411430 -22.456625 0.000000
      vertex 13.652420 -22.422885 30.000000
      vertex 13.652420 -22.422885 0.000000
    endloop
  endfacet
  facet normal -0.021335 0.999772 0.000000
    outer loop
      vertex 13.652420 -22.422885 0.000000
      vertex 13.652420 -22.422885 30.000000
      vertex 15.685525 -22.379500 30.000000
    endloop
  endfacet
  facet normal -0.021335 0.999772 0.000000
    outer loop
      vertex 13.652420 -22.422885 0.000000
      vertex 15.685525 -22.379500 30.000000
      vertex 15.685525 -22.379500 0.000000
    endloop
  endfacet
  facet normal -0.028208 0.999602 0.000000
    outer loop
      vertex 15.685525 -22.379500 0.000000
      vertex 15.685525 -22.379500 30.000000
      vertex 17.564905 -22.326465 30.000000
    endloop
  endfacet
  facet normal -0.028208 0.999602 0.000000
    outer loop
      vertex 15.685525 -22.379500 0.000000
      vertex 17.564905 -22.326465 30.000000
      vertex 17.564905 -22.326465 0.000000
    endloop
  endfacet
  facet normal -0.035626 0.999365 0.000000
    outer loop
      vertex 17.564905 -22.326465 0.000000
      vertex 17.564905 -22.326465 30.000000
      vertex 19.323406 -22.263777 30.000000
    endloop
  endfacet
  facet normal -0.035626 0.999365 0.000000
    outer loop
      vertex 17.564905 -22.326465 0.000000
      vertex 19.323406 -22.263777 30.000000
      vertex 19.323406 -22.263777 0.000000
    endloop
  endfacet
  facet normal -0.043559 0.999051 0.000000
    outer loop
      vertex 19.323406 -22.263777 0.000000
      vertex 19.323406 -22.263777 30.000000
      vertex 20.982747 -22.191429 30.000000
    endloop
  endfacet
  facet normal -0.043559 0.999051 0.000000
    outer loop
      vertex 19.323406 -22.263777 0.000000
      vertex 20.982747 -22.191429 30.000000
      vertex 20.982747 -22.191429 0.000000
    endloop
  endfacet
  facet normal -0.051989 0.998648 0.000000
    outer loop
      vertex 20.982747 -22.191429 0.000000
      vertex 20.982747 -22.191429 30.000000
      vertex 22.558167 -22.109413 30.000000
    endloop
  endfacet
  facet normal -0.051989 0.998648 0.000000
    outer loop
      vertex 20.982747 -22.191429 0.000000
      vertex 22.558167 -22.109413 30.000000
      vertex 22.558167 -22.109413 0.000000
    endloop
  endfacet
  facet normal -0.060906 0.998144 0.000000
    outer loop
      vertex 22.558167 -22.109413 0.000000
      vertex 22.558167 -22.109413 30.000000
      vertex 24.060834 -22.017722 30.000000
    endloop
  endfacet
  facet normal -0.060906 0.998144 0.000000
    outer loop
      vertex 22.558167 -22.109413 0.000000
      vertex 24.060834 -22.017722 30.000000
      vertex 24.060834 -22.017722 0.000000
    endloop
  endfacet
  facet normal -0.070306 0.997525 0.000000
    outer loop
      vertex 24.060834 -22.017722 0.000000
      vertex 24.060834 -22.017722 30.000000
      vertex 25.499206 -21.916345 30.000000
    endloop
  endfacet
  facet normal -0.070306 0.997525 0.000000
    outer loop
      vertex 24.060834 -22.017722 0.000000
      vertex 25.499206 -21.916345 30.000000
      vertex 25.499206 -21.916345 0.000000
    endloop
  endfacet
  facet normal -0.080192 0.996779 0.000000
    outer loop
      vertex 25.499206 -21.916345 0.000000
      vertex 25.499206 -21.916345 30.000000
      vertex 26.879860 -21.805270 30.000000
    endloop
  endfacet
  facet normal -0.080192 0.996779 0.000000
    outer loop
      vertex 25.499206 -21.916345 0.000000
      vertex 26.879860 -21.805270 30.000000
      vertex 26.879860 -21.805270 0.000000
    endloop
  endfacet
  facet normal -0.090568 0.995890 0.000000
    outer loop
      vertex 26.879860 -21.805270 0.000000
      vertex 26.879860 -21.805270 30.000000
      vertex 28.208017 -21.684485 30.000000
    endloop
  endfacet
  facet normal -0.090568 0.995890 0.000000
    outer loop
      vertex 26.879860 -21.805270 0.000000
      vertex 28.208017 -21.684485 30.000000
      vertex 28.208017 -21.684485 0.000000
    endloop
  endfacet
  facet normal -0.101446 0.994841 0.000000
    outer loop
      vertex 28.208017 -21.684485 0.000000
      vertex 28.208017 -21.684485 30.000000
      vertex 29.487894 -21.553974 30.000000
    endloop
  endfacet
  facet normal -0.101446 0.994841 0.000000
    outer loop
      vertex 28.208017 -21.684485 0.000000
      vertex 29.487894 -21.553974 30.000000
      vertex 29.487894 -21.553974 0.000000
    endloop
  endfacet
  facet normal -0.112837 0.993614 0.000000
    outer loop
      vertex 29.487894 -21.553974 0.000000
      vertex 29.487894 -21.553974 30.000000
      vertex 30.722943 -21.413719 30.000000
    endloop
  endfacet
  facet normal -0.112837 0.993614 0.000000
    outer loop
      vertex 29.487894 -21.553974 0.000000
      vertex 30.722943 -21.413719 30.000000
      vertex 30.722943 -21.413719 0.000000
    endloop
  endfacet
  facet normal -0.124757 0.992187 0.000000
    outer loop
      vertex 30.722943 -21.413719 0.000000
      vertex 30.722943 -21.413719 30.000000
      vertex 31.916028 -21.263702 30.000000
    endloop
  endfacet
  facet normal -0.124757 0.992187 0.000000
    outer loop
      vertex 30.722943 -21.413719 0.000000
      vertex 31.916028 -21.263702 30.000000
      vertex 31.916028 -21.263702 0.000000
    endloop
  endfacet
  facet normal -0.137225 0.990540 0.000000
    outer loop
      vertex 31.916028 -21.263702 0.000000
      vertex 31.916028 -21.263702 30.000000
      vertex 33.069547 -21.103898 30.000000
    endloop
  endfacet
  facet normal -0.137225 0.990540 0.000000
    outer loop
      vertex 31.916028 -21.263702 0.000000
      vertex 33.069547 -21.103898 30.000000
      vertex 33.069547 -21.103898 0.000000
    endloop
  endfacet
  facet normal -0.150263 0.988646 0.000000
    outer loop
      vertex 33.069547 -21.103898 0.000000
      vertex 33.069547 -21.103898 30.000000
      vertex 34.185525 -20.934282 30.000000
    endloop
  endfacet
  facet normal -0.150263 0.988646 0.000000
    outer loop
      vertex 33.069547 -21.103898 0.000000
      vertex 34.185525 -20.934282 30.000000
      vertex 34.185525 -20.934282 0.000000
    endloop
  endfacet
  facet normal -0.163892 0.986478 0.000000
    outer loop
      vertex 34.185525 -20.934282 0.000000
      vertex 34.185525 -20.934282 30.000000
      vertex 35.265686 -20.754825 30.000000
    endloop
  endfacet
  facet normal -0.163892 0.986478 0.000000
    outer loop
      vertex 34.185525 -20.934282 0.000000
      vertex 35.265686 -20.754825 30.000000
      vertex 35.265686 -20.754825 0.000000
    endloop
  endfacet
  facet normal -0.178140 0.984005 0.000000
    outer loop
      vertex 35.265686 -20.754825 0.000000
      vertex 35.265686 -20.754825 30.000000
      vertex 36.311508 -20.565495 30.000000
    endloop
  endfacet
  facet normal -0.178140 0.984005 0.000000
    outer loop
      vertex 35.265686 -20.754825 0.000000
      vertex 36.311508 -20.565495 30.000000
      vertex 36.311508 -20.565495 0.000000
    endloop
  endfacet
  facet normal -0.193033 0.981192 0.000000
    outer loop
      vertex 36.311508 -20.565495 0.000000
      vertex 36.311508 -20.565495 30.000000
      vertex 37.324261 -20.366253 30.000000
    endloop
  endfacet
  facet normal -0.193033 0.981192 0.000000
    outer loop
      vertex 36.311508 -20.565495 0.000000
      vertex 37.324261 -20.366253 30.000000
      vertex 37.324261 -20.366253 0.000000
    endloop
  endfacet
  facet normal -0.208601 0.978001 0.000000
    outer loop
      vertex 37.324261 -20.366253 0.000000
      vertex 37.324261 -20.366253 30.000000
      vertex 38.305047 -20.157058 30.000000
    endloop
  endfacet
  facet normal -0.208601 0.978001 0.000000
    outer loop
      vertex 37.324261 -20.366253 0.000000
      vertex 38.305047 -20.157058 30.000000
      vertex 38.305047 -20.157058 0.000000
    endloop
  endfacet
  facet normal -0.224875 0.974388 0.000000
    outer loop
      vertex 38.305047 -20.157058 0.000000
      vertex 38.305047 -20.157058 30.000000
      vertex 39.254825 -19.937862 30.000000
    endloop
  endfacet
  facet normal -0.224875 0.974388 0.000000
    outer loop
      vertex 38.305047 -20.157058 0.000000
      vertex 39.254825 -19.937862 30.000000
      vertex 39.254825 -19.937862 0.000000
    endloop
  endfacet
  facet normal -0.241889 0.970304 0.000000
    outer loop
      vertex 39.254825 -19.937862 0.000000
      vertex 39.254825 -19.937862 30.000000
      vertex 40.174428 -19.708612 30.000000
    endloop
  endfacet
  facet normal -0.241889 0.970304 0.000000
    outer loop
      vertex 39.254825 -19.937862 0.000000
      vertex 40.174428 -19.708612 30.000000
      vertex 40.174428 -19.708612 0.000000
    endloop
  endfacet
  facet normal -0.259676 0.965696 0.000000
    outer loop
      vertex 40.174428 -19.708612 0.000000
      vertex 40.174428 -19.708612 30.000000
      vertex 41.064589 -19.469248 30.000000
    endloop
  endfacet
  facet normal -0.259676 0.965696 0.000000
    outer loop
      vertex 40.174428 -19.708612 0.000000
      vertex 41.064589 -19.469248 30.000000
      vertex 41.064589 -19.469248 0.000000
    endloop
  endfacet
  facet normal -0.278269 0.960503 0.000000
    outer loop
      vertex 41.064589 -19.469248 0.000000
      vertex 41.064589 -19.469248 30.000000
      vertex 41.925949 -19.219702 30.000000
    endloop
  endfacet
  facet normal -0.278269 0.960503 0.000000
    outer loop
      vertex 41.064589 -19.469248 0.000000
      vertex 41.925949 -19.219702 30.000000
      vertex 41.925949 -19.219702 0.000000
    endloop
  endfacet
  facet normal -0.297705 0.954658 0.000000
    outer loop
      vertex 41.925949 -19.219702 0.000000
      vertex 41.925949 -19.219702 30.000000
      vertex 42.759074 -18.959897 30.000000
    endloop
  endfacet
  facet normal -0.297705 0.954658 0.000000
    outer loop
      vertex 41.925949 -19.219702 0.000000
      vertex 42.759074 -18.959897 30.000000
      vertex 42.759074 -18.959897 0.000000
    endloop
  endfacet
  facet normal -0.318015 0.948086 0.000000
    outer loop
      vertex 42.759074 -18.959897 0.000000
      vertex 42.759074 -18.959897 30.000000
      vertex 43.564460 -18.689747 30.000000
    endloop
  endfacet
  facet normal -0.318015 0.948086 0.000000
    outer loop
      vertex 42.759074 -18.959897 0.000000
      vertex 43.564460 -18.689747 30.000000
      vertex 43.564460 -18.689747 0.000000
    endloop
  endfacet
  facet normal -0.339232 0.940703 0.000000
    outer loop
      vertex 43.564460 -18.689747 0.000000
      vertex 43.564460 -18.689747 30.000000
      vertex 44.342549 -18.409157 30.000000
    endloop
  endfacet
  facet normal -0.339232 0.940703 0.000000
    outer loop
      vertex 43.564460 -18.689747 0.000000
      vertex 44.342549 -18.409157 30.000000
      vertex 44.342549 -18.409157 0.000000
    endloop
  endfacet
  facet normal -0.361384 0.932417 0.000000
    outer loop
      vertex 44.342549 -18.409157 0.000000
      vertex 44.342549 -18.409157 30.000000
      vertex 45.093729 -18.118016 30.000000
    endloop
  endfacet
  facet normal -0.361384 0.932417 0.000000
    outer loop
      vertex 44.342549 -18.409157 0.000000
      vertex 45.093729 -18.118016 30.000000
      vertex 45.093729 -18.118016 0.000000
    endloop
  endfacet
  facet normal -0.384496 0.923127 0.000000
    outer loop
      vertex 45.093729 -18.118016 0.000000
      vertex 45.093729 -18.118016 30.000000
      vertex 45.818346 -17.816203 30.000000
    endloop
  endfacet
  facet normal -0.384496 0.923127 0.000000
    outer loop
      vertex 45.093729 -18.118016 0.000000
      vertex 45.818346 -17.816203 30.000000
      vertex 45.818346 -17.816203 0.000000
    endloop
  endfacet
  facet normal -0.408585 0.912720 0.000000
    outer loop
      vertex 45.818346 -17.816203 0.000000
      vertex 45.818346 -17.816203 30.000000
      vertex 46.516704 -17.503578 30.000000
    endloop
  endfacet
  facet normal -0.408585 0.912720 0.000000
    outer loop
      vertex 45.818346 -17.816203 0.000000
      vertex 46.516704 -17.503578 30.000000
      vertex 46.516704 -17.503578 0.000000
    endloop
  endfacet
  facet normal -0.433661 0.901076 0.000000
    outer loop
      vertex 46.516704 -17.503578 0.000000
      vertex 46.516704 -17.503578 30.000000
      vertex 47.189076 -17.179985 30.000000
    endloop
  endfacet
  facet normal -0.433661 0.901076 0.000000
    outer loop
      vertex 46.516704 -17.503578 0.000000
      vertex 47.189076 -17.179985 30.000000
      vertex 47.189076 -17.179985 0.000000
    endloop
  endfacet
  facet normal -0.459722 0.888063 0.000000
    outer loop
      vertex 47.189076 -17.179985 0.000000
      vertex 47.189076 -17.179985 30.000000
      vertex 47.835702 -16.845247 30.000000
    endloop
  endfacet
  facet normal -0.459722 0.888063 0.000000
    outer loop
      vertex 47.189076 -17.179985 0.000000
      vertex 47.835702 -16.845247 30.000000
      vertex 47.835702 -16.845247 0.000000
    endloop
  endfacet
  facet normal -0.486750 0.873541 0.000000
    outer loop
      vertex 47.835702 -16.845247 0.000000
      vertex 47.835702 -16.845247 30.000000
      vertex 48.456795 -16.499165 30.000000
    endloop
  endfacet
  facet normal -0.486750 0.873541 0.000000
    outer loop
      vertex 47.835702 -16.845247 0.000000
      vertex 48.456795 -16.499165 30.000000
      vertex 48.456795 -16.499165 0.000000
    endloop
  endfacet
  facet normal -0.514711 0.857364 0.000000
    outer loop
      vertex 48.456795 -16.499165 0.000000
      vertex 48.456795 -16.499165 30.000000
      vertex 49.052546 -16.141511 30.000000
    endloop
  endfacet
  facet normal -0.514711 0.857364 0.000000
    outer loop
      vertex 48.456795 -16.499165 0.000000
      vertex 49.052546 -16.141511 30.000000
      vertex 49.052546 -16.141511 0.000000
    endloop
  endfacet
  facet normal -0.543548 0.839378 0.000000
    outer loop
      vertex 49.052546 -16.141511 0.000000
      vertex 49.052546 -16.141511 30.000000
      vertex 49.623124 -15.772028 30.000000
    endloop
  endfacet
  facet normal -0.543548 0.839378 0.000000
    outer loop
      vertex 49.052546 -16.141511 0.000000
      vertex 49.623124 -15.772028 30.000000
      vertex 49.623124 -15.772028 0.000000
    endloop
  endfacet
  facet normal -0.573179 0.819430 0.000000
    outer loop
      vertex 49.623124 -15.772028 0.000000
      vertex 49.623124 -15.772028 30.000000
      vertex 50.168678 -15.390421 30.000000
    endloop
  endfacet
  facet normal -0.573179 0.819430 0.000000
    outer loop
      vertex 49.623124 -15.772028 0.000000
      vertex 50.168678 -15.390421 30.000000
      vertex 50.168678 -15.390421 0.000000
    endloop
  endfacet
  facet normal -0.603492 0.797369 0.000000
    outer loop
      vertex 50.168678 -15.390421 0.000000
      vertex 50.168678 -15.390421 30.000000
      vertex 50.689341 -14.996355 30.000000
    endloop
  endfacet
  facet normal -0.603492 0.797369 0.000000
    outer loop
      vertex 50.168678 -15.390421 0.000000
      vertex 50.689341 -14.996355 30.000000
      vertex 50.689341 -14.996355 0.000000
    endloop
  endfacet
  facet normal -0.634340 0.773054 0.000000
    outer loop
      vertex 50.689341 -14.996355 0.000000
      vertex 50.689341 -14.996355 30.000000
      vertex 51.185231 -14.589445 30.000000
    endloop
  endfacet
  facet normal -0.634340 0.773054 0.000000
    outer loop
      vertex 50.689341 -14.996355 0.000000
      vertex 51.185231 -14.589445 30.000000
      vertex 51.185231 -14.589445 0.000000
    endloop
  endfacet
  facet normal -0.665541 0.746361 0.000000
    outer loop
      vertex 51.185231 -14.589445 0.000000
      vertex 51.185231 -14.589445 30.000000
      vertex 51.656454 -14.169249 30.000000
    endloop
  endfacet
  facet normal -0.665541 0.746361 0.000000
    outer loop
      vertex 51.185231 -14.589445 0.000000
      vertex 51.656454 -14.169249 30.000000
      vertex 51.656454 -14.169249 0.000000
    endloop
  endfacet
  facet normal -0.696874 0.717193 0.000000
    outer loop
      vertex 51.656454 -14.169249 0.000000
      vertex 51.656454 -14.169249 30.000000
      vertex 52.103102 -13.735256 30.000000
    endloop
  endfacet
  facet normal -0.696874 0.717193 0.000000
    outer loop
      vertex 51.656454 -14.169249 0.000000
      vertex 52.103102 -13.735256 30.000000
      vertex 52.103102 -13.735256 0.000000
    endloop
  endfacet
  facet normal -0.728082 0.685490 0.000000
    outer loop
      vertex 52.103102 -13.735256 0.000000
      vertex 52.103102 -13.735256 30.000000
      vertex 52.525257 -13.286872 30.000000
    endloop
  endfacet
  facet normal -0.728082 0.685490 0.000000
    outer loop
      vertex 52.103102 -13.735256 0.000000
      vertex 52.525257 -13.286872 30.000000
      vertex 52.525257 -13.286872 0.000000
    endloop
  endfacet
  facet normal -0.758871 0.651241 0.000000
    outer loop
      vertex 52.525257 -13.286872 0.000000
      vertex 52.525257 -13.286872 30.000000
      vertex 52.922991 -12.823404 30.000000
    endloop
  endfacet
  facet normal -0.758871 0.651241 0.000000
    outer loop
      vertex 52.525257 -13.286872 0.000000
      vertex 52.922991 -12.823404 30.000000
      vertex 52.922991 -12.823404 0.000000
    endloop
  endfacet
  facet normal -0.788922 0.614493 0.000000
    outer loop
      vertex 52.922991 -12.823404 0.000000
      vertex 52.922991 -12.823404 30.000000
      vertex 53.296369 -12.344040 30.000000
    endloop
  endfacet
  facet normal -0.788922 0.614493 0.000000
    outer loop
      vertex 52.922991 -12.823404 0.000000
      vertex 53.296369 -12.344040 30.000000
      vertex 53.296369 -12.344040 0.000000
    endloop
  endfacet
  facet normal -0.817898 0.575364 0.000000
    outer loop
      vertex 53.296369 -12.344040 0.000000
      vertex 53.296369 -12.344040 30.000000
      vertex 53.645446 -11.847814 30.000000
    endloop
  endfacet
  facet normal -0.817898 0.575364 0.000000
    outer loop
      vertex 53.296369 -12.344040 0.000000
      vertex 53.645446 -11.847814 30.000000
      vertex 53.645446 -11.847814 0.000000
    endloop
  endfacet
  facet normal -0.845454 0.534048 0.000000
    outer loop
      vertex 53.645446 -11.847814 0.000000
      vertex 53.645446 -11.847814 30.000000
      vertex 53.970274 -11.333578 30.000000
    endloop
  endfacet
  facet normal -0.845454 0.534048 0.000000
    outer loop
      vertex 53.645446 -11.847814 0.000000
      vertex 53.970274 -11.333578 30.000000
      vertex 53.970274 -11.333578 0.000000
    endloop
  endfacet
  facet normal -0.871261 0.490821 0.000000
    outer loop
      vertex 53.970274 -11.333578 0.000000
      vertex 53.970274 -11.333578 30.000000
      vertex 54.270895 -10.799944 30.000000
    endloop
  endfacet
  facet normal -0.871261 0.490821 0.000000
    outer loop
      vertex 53.970274 -11.333578 0.000000
      vertex 54.270895 -10.799944 30.000000
      vertex 54.270895 -10.799944 0.000000
    endloop
  endfacet
  facet normal -0.895015 0.446037 0.000000
    outer loop
      vertex 54.270895 -10.799944 0.000000
      vertex 54.270895 -10.799944 30.000000
      vertex 54.547347 -10.245217 30.000000
    endloop
  endfacet
  facet normal -0.895015 0.446037 0.000000
    outer loop
      vertex 54.270895 -10.799944 0.000000
      vertex 54.547347 -10.245217 30.000000
      vertex 54.547347 -10.245217 0.000000
    endloop
  endfacet
  facet normal -0.916461 0.400123 0.000000
    outer loop
      vertex 54.547347 -10.245217 0.000000
      vertex 54.547347 -10.245217 30.000000
      vertex 54.799663 -9.667299 30.000000
    endloop
  endfacet
  facet normal -0.916461 0.400123 0.000000
    outer loop
      vertex 54.547347 -10.245217 0.000000
      vertex 54.799663 -9.667299 30.000000
      vertex 54.799663 -9.667299 0.000000
    endloop
  endfacet
  facet normal -0.935407 0.353572 0.000000
    outer loop
      vertex 54.799663 -9.667299 0.000000
      vertex 54.799663 -9.667299 30.000000
      vertex 55.027873 -9.063549 30.000000
    endloop
  endfacet
  facet normal -0.935407 0.353572 0.000000
    outer loop
      vertex 54.799663 -9.667299 0.000000
      vertex 55.027873 -9.063549 30.000000
      vertex 55.027873 -9.063549 0.000000
    endloop
  endfacet
  facet normal -0.951735 0.306921 0.000000
    outer loop
      vertex 55.027873 -9.063549 0.000000
      vertex 55.027873 -9.063549 30.000000
      vertex 55.232000 -8.430568 30.000000
    endloop
  endfacet
  facet normal -0.951735 0.306921 0.000000
    outer loop
      vertex 55.027873 -9.063549 0.000000
      vertex 55.232000 -8.430568 30.000000
      vertex 55.232000 -8.430568 0.000000
    endloop
  endfacet
  facet normal -0.965408 0.260744 0.000000
    outer loop
      vertex 55.232000 -8.430568 0.000000
      vertex 55.232000 -8.430568 30.000000
      vertex 55.412067 -7.763868 30.000000
    endloop
  endfacet
  facet normal -0.965408 0.260744 0.000000
    outer loop
      vertex 55.232000 -8.430568 0.000000
      vertex 55.412067 -7.763868 30.000000
      vertex 55.412067 -7.763868 0.000000
    endloop
  endfacet
  facet normal -0.976474 0.215633 0.000000
    outer loop
      vertex 55.412067 -7.763868 0.000000
      vertex 55.412067 -7.763868 30.000000
      vertex 55.568092 -7.057328 30.000000
    endloop
  endfacet
  facet normal -0.976474 0.215633 0.000000
    outer loop
      vertex 55.412067 -7.763868 0.000000
      vertex 55.568092 -7.057328 30.000000
      vertex 55.568092 -7.057328 0.000000
    endloop
  endfacet
  facet normal -0.985063 0.172194 0.000000
    outer loop
      vertex 55.568092 -7.057328 0.000000
      vertex 55.568092 -7.057328 30.000000
      vertex 55.700088 -6.302220 30.000000
    endloop
  endfacet
  facet normal -0.985063 0.172194 0.000000
    outer loop
      vertex 55.568092 -7.057328 0.000000
      vertex 55.700088 -6.302220 30.000000
      vertex 55.700088 -6.302220 0.000000
    endloop
  endfacet
  facet normal -0.991376 0.131048 0.000000
    outer loop
      vertex 55.700088 -6.302220 0.000000
      vertex 55.700088 -6.302220 30.000000
      vertex 55.808069 -5.485347 30.000000
    endloop
  endfacet
  facet normal -0.991376 0.131048 0.000000
    outer loop
      vertex 55.700088 -6.302220 0.000000
      vertex 55.808069 -5.485347 30.000000
      vertex 55.808069 -5.485347 0.000000
    endloop
  endfacet
  facet normal -0.995679 0.092862 0.000000
    outer loop
      vertex 55.808069 -5.485347 0.000000
      vertex 55.808069 -5.485347 30.000000
      vertex 55.892044 -4.584950 30.000000
    endloop
  endfacet
  facet normal -0.995679 0.092862 0.000000
    outer loop
      vertex 55.808069 -5.485347 0.000000
      vertex 55.892044 -4.584950 30.000000
      vertex 55.892044 -4.584950 0.000000
    endloop
  endfacet
  facet normal -0.998293 0.058409 0.000000
    outer loop
      vertex 55.892044 -4.584950 0.000000
      vertex 55.892044 -4.584950 30.000000
      vertex 55.952021 -3.559858 30.000000
    endloop
  endfacet
  facet normal -0.998293 0.058409 0.000000
    outer loop
      vertex 55.892044 -4.584950 0.000000
      vertex 55.952021 -3.559858 30.000000
      vertex 55.952021 -3.559858 0.000000
    endloop
  endfacet
  facet normal -0.999587 0.028751 0.000000
    outer loop
      vertex 55.952021 -3.559858 0.000000
      vertex 55.952021 -3.559858 30.000000
      vertex 55.988006 -2.308777 30.000000
    endloop
  endfacet
  facet normal -0.999587 0.028751 0.000000
    outer loop
      vertex 55.952021 -3.559858 0.000000
      vertex 55.988006 -2.308777 30.000000
      vertex 55.988006 -2.308777 0.000000
    endloop
  endfacet
  facet normal -0.999987 0.005195 0.000000
    outer loop
      vertex 55.988006 -2.308777 0.000000
      vertex 55.988006 -2.308777 30.000000
      vertex 56.000000 0.000000 30.000000
    endloop
  endfacet
  facet normal -0.999987 0.005195 0.000000
    outer loop
      vertex 55.988006 -2.308777 0.000000
      vertex 56.000000 0.000000 30.000000
      vertex 56.000000 0.000000 0.000000
    endloop
  endfacet
endsolid horngrill_cycle